fips,year,V1
06017,2004,250
06019,2002,2188
06019,2004,2402
06019,2005,10326
06019,2006,8899
06019,2007,10847
06019,2010,3302
06019,2011,3142
06019,2012,3114
06019,2013,4597
06019,2014,4032
06019,2016,3918
06027,2004,416
06027,2005,200
06027,2006,200
06027,2007,766
06027,2008,486
06027,2009,486
06027,2010,560
06027,2011,380
06027,2012,380
06027,2013,545
06027,2015,120
06027,2016,120
06029,2000,1862
06029,2001,29494
06029,2002,3046
06029,2003,7997
06029,2004,23013
06029,2005,3186
06029,2006,6526
06029,2007,17880
06029,2008,219963
06029,2009,65907
06029,2010,47458
06029,2011,44780
06029,2012,10999
06029,2013,48045
06029,2014,13798
06029,2015,13837
06029,2016,39163
06031,2012,816
06035,2008,1500
06037,2002,183620
06037,2012,11476
06037,2013,446
06039,2000,3678
06039,2001,7210
06039,2002,4003
06039,2003,3930
06039,2004,7930
06039,2005,5073
06039,2006,5449
06039,2007,9778
06039,2008,5782
06039,2009,10582
06039,2010,10250
06039,2011,6031
06039,2012,5419
06039,2013,4297
06039,2014,8051
06039,2015,5253
06039,2016,5640
06051,2003,575
06051,2004,290
06051,2005,250
06051,2007,225
06051,2009,225
06051,2010,225
06051,2013,290
06051,2014,290
06051,2016,290
06053,2011,2344
06059,2002,150
06059,2003,150
06059,2006,150
06059,2007,150
06059,2008,150
06059,2009,350
06059,2010,350
06059,2011,350
06063,2013,1082
06065,2003,225
06065,2004,25
06065,2006,5695
06065,2007,463
06065,2008,307367
06065,2009,315995
06065,2011,463
06065,2012,7087
06065,2013,445
06065,2014,325
06065,2015,350
06065,2016,50326
06071,2001,20312
06071,2003,1349
06071,2004,2450
06071,2005,11307
06071,2006,46525
06071,2007,16212
06071,2008,16112
06071,2009,16187
06071,2010,1825
06071,2011,5044
06071,2012,2649
06071,2013,4069
06071,2014,4487
06071,2015,5092
06071,2016,6064
06073,2003,74
06073,2004,360
06073,2005,1630
06073,2006,910
06073,2007,160
06073,2008,200
06073,2009,960
06073,2010,1100
06073,2011,3144
06073,2012,2140
06073,2013,920
06073,2014,1994
06073,2015,654
06073,2016,1875
06077,2005,330
06077,2006,67892
06077,2007,645
06077,2009,245
06099,2003,546
06099,2005,647
06099,2011,1249
06099,2014,1288
06099,2015,1488
06099,2016,1288
06107,2005,12984
06107,2007,4154
06107,2008,5528
06107,2011,6699
06107,2012,6767
06107,2013,7491
06107,2014,6003
06107,2015,12862
06107,2016,9704
06111,2000,30045
06111,2010,45
08005,2014,33541
08009,2015,1650
08013,2000,50
08013,2002,50
08017,2001,276
08017,2004,276
08017,2006,276
08017,2007,276
08017,2008,276
08017,2009,276
08017,2010,276
08027,1999,38
08027,2002,38
08027,2004,38
08027,2005,38
08027,2006,38
08027,2007,38
08035,2001,10867
08035,2004,40500
08041,2002,7214
08041,2004,90
08041,2005,870
08041,2006,90
08041,2007,90
08041,2008,90
08041,2009,90
08041,2010,90
08041,2011,90
08041,2012,90
08045,1999,45
08045,2012,74
08045,2015,74
08045,2016,143
08049,2001,250
08059,2000,450
08059,2001,2175
08059,2002,1055
08059,2003,240
08059,2004,900
08059,2005,2150
08059,2006,310
08059,2007,1950
08059,2008,900
08059,2009,1055
08059,2010,1055
08059,2011,1055
08061,1999,80
08061,2002,165
08061,2005,165
08061,2007,80
08061,2008,80
08061,2009,80
08061,2011,80
08061,2013,80
08061,2015,80
08061,2016,80
08069,2002,75
08069,2005,2106
08069,2006,525
08069,2011,655
08069,2012,395
08069,2014,303
08069,2015,53
08075,2000,235
08075,2001,13794
08075,2003,13794
08075,2004,14029
08075,2006,235
08075,2007,14029
08075,2008,14029
08075,2009,14029
08075,2010,14029
08075,2011,30723
08075,2012,14029
08075,2014,470
08075,2015,235
08075,2016,530
08087,1999,300
08087,2001,1606
08087,2002,2612
08087,2004,1906
08087,2005,600
08087,2006,900
08087,2007,900
08087,2008,600
08087,2009,300
08087,2010,1300
08087,2011,1900
08087,2013,300
08089,2005,497
08089,2008,497
08089,2012,1697
08089,2013,1697
08089,2015,497
08097,2001,9100
08097,2007,9100
09001,2004,104441
09001,2005,62833
09001,2006,1971
09001,2007,2471
09001,2008,1563
09001,2009,441
09001,2010,433
09001,2011,1326
09001,2012,568
09001,2013,414
09001,2014,392
09005,2010,174
09005,2015,464
09005,2016,300
09007,2006,1002
09007,2007,1518
09007,2008,786
09007,2009,1518
09007,2010,2111
09007,2013,40
09007,2014,40
09007,2015,48
09007,2016,48
09009,2005,218
09009,2006,422468
09009,2007,1368
09009,2008,1368
09011,2001,202
09011,2008,1934
09011,2014,4035
09011,2015,28
09013,2006,250
09013,2007,250
09013,2008,250
12057,2012,467
12057,2013,605
12057,2014,278
12057,2015,500
12057,2016,840
12071,2008,712
19025,2013,1727
19025,2015,1727
19071,2009,304
19071,2012,304
19103,2007,83
19103,2010,811
19107,2002,2059
19119,2001,294
19119,2002,294
19119,2003,294
19119,2004,1382
19161,2003,844
19193,2010,4227
19197,2010,2376
20027,2003,189
20027,2005,189
20027,2006,189
20027,2007,189
20027,2008,189
20027,2009,189
20039,2007,1761
20039,2008,3522
20039,2009,1761
20039,2010,3522
20039,2011,3522
20055,2002,75
20055,2005,860
20055,2007,2000
20055,2009,870
20055,2010,860
20055,2011,860
20055,2012,860
20055,2013,860
20055,2015,860
20055,2016,970
20057,2006,28159
20065,2000,1468
20065,2006,1468
20093,2006,2185
20093,2007,2185
20093,2008,2185
20093,2010,2185
20093,2011,2185
20093,2013,2185
20093,2014,2185
20105,2007,158
20105,2009,158
20105,2010,158
20105,2011,158
20105,2012,158
20105,2013,158
20105,2014,316
20105,2015,1425
20123,2009,3782
20137,2003,4340
20137,2005,5760
20137,2006,5760
20137,2007,6220
20153,2005,1225
20153,2006,1225
20155,2000,2095
20155,2013,763
20159,2010,2299
20161,2016,52
20163,2004,1414
20163,2005,1414
20163,2006,1989
20163,2007,224
20163,2008,87
20165,2007,148
20165,2009,74
20165,2010,165
20165,2011,74
20165,2012,74
20165,2013,239
20183,2005,110
20183,2006,110
20183,2007,110
20183,2008,110
20183,2009,110
20199,1999,61
24021,2007,1900
24031,2007,5100
25017,1999,380
25017,2000,23944
25017,2001,23944
25017,2002,75
25017,2003,3575
25017,2004,3575
25017,2005,75
25017,2006,3575
25017,2007,25
25017,2010,75
25027,1999,25676
25027,2000,36773
25027,2001,1277
25027,2002,5303
25027,2003,4026
25027,2004,5850
25027,2005,8022
25027,2006,71171
25027,2007,10245
25027,2008,3165
29093,2002,3637
33003,1999,125
33003,2000,290
33003,2001,982
33003,2002,125
33003,2003,328
33003,2004,1105
33003,2005,5818
33003,2006,6215
33003,2007,645
33003,2008,380
33003,2010,255
33003,2011,298
33003,2015,165
33005,2000,118
33005,2003,118
33005,2004,118
33005,2005,118
33005,2006,1318
33005,2007,118
33005,2014,32
33009,1999,107
33009,2001,1620
33009,2002,62
33009,2004,730
33009,2005,11122
33009,2006,2968
33009,2014,1793
33011,2000,25
33011,2001,370
33011,2003,267
33011,2004,137522
33011,2006,2220
33011,2007,4245
33011,2008,4125
33011,2010,175
33011,2012,4331
33011,2013,4485
33011,2015,320
33013,1999,215
33013,2000,235
33013,2002,455
33013,2003,518
33013,2004,4186
33013,2005,2055
33013,2006,495
33013,2007,795
33013,2008,43368
33013,2009,469
33013,2010,90
33013,2015,238
33015,1999,193
33015,2000,487
33015,2001,14394
33015,2002,106694
33015,2003,23295
33015,2004,13937
33015,2005,677
33015,2006,29437
33015,2007,827
33015,2008,1649
33015,2009,483
33015,2013,14161
33015,2014,11581
33017,2001,110
33017,2002,32138
33017,2003,24058
33017,2004,32188
33017,2005,24188
33017,2006,24766
33017,2007,138
34001,2009,12153
34011,2005,23230
34023,2012,45001
34031,2006,180
34031,2009,1622
34037,2006,194
34037,2007,89
34037,2008,89
34037,2009,89
34037,2010,89
34037,2013,400
34037,2014,505
35001,2006,85
35001,2007,2131
35001,2009,2331
35001,2010,2210
35001,2011,2210
35001,2012,2210
35001,2013,295
35001,2014,295
35001,2015,295
35001,2016,210
35003,2007,213
35003,2008,213
35003,2012,213
35003,2013,213
35013,2003,19276
35013,2004,73
35013,2006,7791
35013,2007,41261
35013,2008,41261
35013,2009,37107
35013,2010,40086
35013,2011,29577
35013,2012,39120
35013,2014,34016
35013,2015,29913
35013,2016,21566
35017,2004,96
35017,2007,175
35017,2008,96
35017,2012,96
35017,2013,96
35017,2014,96
35019,2003,790
35019,2005,540
35019,2012,430
35023,2004,237
35023,2006,237
35023,2007,237
35023,2008,237
35023,2009,237
35023,2011,3337
35023,2012,237
35023,2013,237
35023,2014,237
35023,2015,185
35023,2016,185
35031,2006,76
35039,2004,1765
35039,2007,10215
35039,2008,10830
35039,2009,22592
35039,2010,14253
35039,2011,12680
35039,2012,985
35039,2013,11480
35039,2014,2885
35039,2015,13425
35039,2016,3425
35043,2005,81293
35049,1999,80376
35049,2004,80401
35049,2007,579
35049,2008,333
35049,2009,398
35049,2010,2683
35049,2011,413
35049,2012,2520
35049,2013,670
35049,2014,520
35049,2015,700
35049,2016,480
35053,2003,1896
35055,2003,748
35055,2004,120
35055,2007,6169
35055,2008,548
35055,2009,550
35055,2010,415
35055,2011,810
35055,2012,810
35055,2013,610
35055,2014,810
35055,2015,810
35055,2016,615
35057,2012,100
36027,2015,429
36027,2016,1054
36071,2006,27700
36071,2007,4900
36071,2008,13692
36071,2009,2957
36071,2015,1161
36117,2004,2269
36119,2007,625
36119,2015,625
37009,2010,400
37037,2012,4676
37037,2013,76
37037,2014,86
37081,2014,409
37099,2011,90
37099,2012,25
37099,2013,118
37119,2010,457
37131,2013,4101
37159,2013,653
37183,2010,224
37183,2011,85
37183,2012,25
37183,2013,485
41045,2006,3278
41045,2007,136
42001,2001,3162
42001,2002,300
42001,2005,5509
42001,2006,3162
42001,2008,3162
42001,2009,3162
42017,2015,18400
42017,2016,21588
45039,2009,2217
45039,2010,3453
45063,2009,584
45063,2010,538
45091,2008,90
49011,2007,0
50023,2003,350
50023,2004,350
50023,2005,350
50023,2006,350
53019,2007,75
53021,2009,466
53047,1999,145
53047,2003,1116
53047,2004,2738
53047,2005,562
53047,2006,477
53047,2007,824
53047,2008,627
53047,2009,550
53047,2010,450
53047,2011,314
53047,2012,224
53047,2013,164
53047,2014,164
53047,2015,48
53047,2016,126
53051,2006,344
53065,2009,400
55115,2000,534
55115,2001,150
06007,2004,6403
06007,2005,6435
06007,2008,32
06007,2009,212
06007,2011,32
06007,2012,32
06007,2013,100
06011,2000,856
06011,2003,1323
06011,2004,500
06011,2008,1038
06011,2009,1038
06011,2010,1038
06011,2011,682
06011,2012,500
06013,2003,180
06013,2006,75
06013,2007,75
06013,2008,75
06013,2009,300
06013,2010,49
06013,2011,229
06013,2012,567
06013,2013,49
06013,2014,49
06013,2015,474
06013,2016,312
06017,2000,100
06017,2003,100
06017,2006,100
06017,2009,100
06017,2010,100
06017,2013,100
06017,2014,100
06017,2015,100
06017,2016,100
06019,2000,8067
06019,2001,10170
06019,2003,2242
06019,2008,2437
06019,2009,2397
06019,2015,3708
06027,2003,280
06027,2014,60
06031,2000,55880
06031,2001,55880
06031,2002,56280
06031,2003,55930
06031,2004,56376
06031,2005,55960
06031,2006,56310
06031,2007,56310
06031,2008,3393
06031,2009,66
06031,2010,416
06031,2011,3705
06031,2013,1866
06031,2014,1866
06031,2015,1500
06031,2016,1450
06037,2000,148555
06037,2001,221588
06037,2003,1500
06037,2004,3000
06037,2005,38040
06037,2007,1500
06037,2008,1678
06037,2009,1553
06037,2010,11400
06037,2011,1553
06037,2014,331
06037,2015,431
06037,2016,43930
06041,2004,51
06041,2005,51
06041,2008,1500
06043,2008,165
06045,2000,1301
06045,2001,1301
06045,2002,1301
06045,2003,1301
06045,2004,1301
06045,2005,1301
06045,2006,1301
06045,2007,1301
06045,2008,1301
06047,2002,1050
06047,2003,1950
06047,2004,1300
06047,2005,1050
06047,2006,250
06047,2007,1050
06047,2008,250
06047,2009,1050
06047,2010,250
06047,2011,1050
06047,2012,1050
06047,2013,925
06047,2014,925
06047,2015,925
06047,2016,925
06051,2012,900
06051,2015,50
06053,2003,689
06053,2004,612
06053,2005,1467
06053,2006,417
06053,2007,355
06053,2008,1379
06053,2009,2913
06053,2010,818
06053,2012,1646
06053,2013,2249
06053,2014,2374
06053,2015,1981
06053,2016,1786
06055,2007,200
06055,2009,25
06055,2012,25
06055,2014,63
06055,2016,63
06057,2004,478
06057,2005,478
06057,2006,478
06057,2007,48
06057,2009,478
06057,2010,478
06057,2011,478
06057,2014,678
06057,2015,478
06057,2016,478
06061,2004,120
06061,2005,50
06061,2006,120
06061,2007,370
06061,2008,120
06061,2009,120
06061,2010,120
06061,2011,170
06061,2012,170
06063,2000,1785
06063,2001,1785
06063,2002,2500
06063,2005,2500
06063,2006,25
06063,2007,2525
06063,2008,1810
06063,2009,4310
06063,2010,1810
06063,2011,1810
06063,2012,1810
06063,2014,325
06063,2015,357
06063,2016,325
06065,2005,280
06065,2010,463
06067,2001,41191
06067,2002,40761
06067,2003,40795
06067,2004,633
06067,2005,542
06067,2006,620
06067,2007,28510
06067,2008,24192
06067,2009,23602
06067,2010,870
06067,2011,1370
06067,2012,193145
06067,2013,3660
06067,2014,3593
06067,2015,3960
06067,2016,3753
06069,2005,55
06069,2006,55
06069,2007,55
06069,2009,30
06069,2011,30
06069,2015,38
06071,2002,1420
06077,2002,105
06077,2004,66829
06077,2008,66946
06077,2010,115
06077,2011,80
06077,2012,215
06077,2013,215
06077,2014,180
06077,2015,215
06077,2016,264
06079,2002,155
06079,2003,190
06079,2004,130
06079,2005,175
06079,2006,90
06079,2007,400
06079,2008,420
06079,2009,415
06079,2010,360
06079,2011,420
06079,2012,2626
06079,2013,600
06079,2014,100
06079,2015,40
06079,2016,100
06083,2001,360
06083,2002,6544
06083,2004,245
06083,2007,360
06083,2013,120
06087,2003,1200
06087,2006,1200
06087,2008,1200
06091,2006,225
06091,2007,225
06091,2008,225
06091,2009,225
06091,2010,225
06091,2011,225
06091,2012,225
06091,2013,225
06091,2014,225
06091,2015,225
06091,2016,225
06095,2000,30
06095,2002,34
06095,2003,900
06095,2005,934
06095,2006,30
06095,2007,900
06095,2008,900
06095,2013,25
06095,2014,34
06095,2015,64
06097,2000,62
06097,2001,197
06097,2002,62
06097,2003,27147
06097,2004,238
06097,2005,27017
06097,2006,417
06097,2007,508
06097,2008,470
06097,2009,770
06097,2010,920
06097,2011,730
06097,2012,752
06097,2013,417
06097,2014,417
06097,2015,605
06097,2016,42
06099,2002,203
06099,2004,345
06099,2006,438
06099,2007,874
06099,2008,799
06099,2009,799
06099,2010,1135
06099,2012,1135
06099,2013,1405
06101,2000,1070
06101,2001,10920
06101,2002,10884
06101,2003,14115
06101,2004,13804
06101,2005,10805
06101,2006,13990
06101,2007,10805
06101,2008,10805
06101,2009,10839
06101,2010,755
06101,2011,955
06101,2012,1201
06101,2013,350
06101,2014,350
06101,2015,3254
06101,2016,350
06103,2002,281
06103,2003,216
06103,2005,56
06103,2006,53
06103,2007,109
06103,2008,1609
06103,2009,109
06103,2010,1609
06103,2011,109
06103,2012,109
06103,2013,205
06103,2014,205
06103,2015,205
06103,2016,205
06105,2000,150
06107,2002,3406
06107,2003,1782
06107,2004,1924
06107,2006,2535
06107,2009,6460
06107,2010,5504
06113,2007,1142
06113,2009,1142
06115,2000,75
06115,2003,65
06115,2005,105
06115,2006,75
06115,2007,70
06115,2008,40
06115,2010,40
06115,2011,40
06115,2013,40
06115,2014,40
06115,2015,300
06115,2016,40
08003,1999,10831
08003,2000,10916
08003,2001,11551
08003,2002,11156
08003,2003,11156
08003,2004,11401
08003,2005,11241
08003,2006,11156
08003,2007,11241
08003,2008,11241
08003,2009,255
08003,2013,85
08003,2016,85
08015,2016,100
08089,2004,254
08113,2000,2900
08113,2004,6300
08115,2009,330
08121,2005,2203
08125,2001,278
08125,2004,278
08125,2005,278
08125,2006,278
08125,2009,103
09001,2002,187500
09003,2002,218868
09003,2003,40487
09003,2004,59406
09003,2005,92388
09003,2006,51426
09005,2002,1087
09005,2003,6718
09005,2004,7784
09005,2005,16690
09007,2001,119
09007,2002,720
09007,2003,46638
09007,2004,5005
09007,2011,1058
09009,2002,68480
09009,2003,178472
09009,2004,35343
09011,2002,43879
09011,2003,5129
09011,2009,36067
09011,2010,36067
09011,2011,72134
09013,2002,2383
09013,2004,100
09013,2005,216
09015,2003,456
09015,2004,310
09015,2005,205
09015,2006,673
09015,2007,673
09015,2008,468
09015,2009,420
09015,2010,420
09015,2013,66
09015,2014,66
09015,2015,66
09015,2016,36
12023,2000,354
12023,2009,364
12029,2000,388
12057,2003,152
12057,2004,1111
12057,2006,2532
12057,2007,1979
12057,2009,439
12057,2010,250
12057,2011,335
12069,1999,34962
12071,2000,69
12083,2000,1055
12089,2004,40
12101,2003,30125
12101,2010,75664
12101,2011,4197
12103,2002,110000
12105,2000,740
12105,2003,80
12105,2004,35659
12105,2006,5940
12105,2007,796
12105,2011,33075
12107,2000,262
12127,2005,5832
19021,2002,1154
19021,2003,951
19021,2004,240
19021,2005,240
19021,2006,240
19021,2010,711
19025,2002,702
19025,2003,668
19027,2002,11457
19027,2003,10311
19027,2004,121
19027,2006,10589
19027,2008,10103
19027,2011,121
19033,1999,61
19033,2000,61
19033,2001,61
19033,2002,61
19033,2003,99
19033,2004,25
19049,2002,2268
19049,2003,2268
19059,2002,504
19059,2003,5947
19063,2002,1053
19063,2003,1053
19073,2001,557
19073,2002,5288
19073,2003,5288
19073,2004,386
19073,2005,386
19073,2010,557
19073,2011,557
19073,2012,557
19075,2001,1108
19077,2002,224
19077,2003,224
19077,2009,224
19079,2001,531
19079,2002,1746
19079,2003,1746
19079,2004,760
19079,2005,760
19079,2006,531
19079,2007,531
19081,2001,139
19081,2002,448
19081,2003,448
19081,2008,139
19081,2012,139
19083,2001,125
19083,2002,970
19083,2003,970
19083,2007,845
19083,2008,845
19083,2010,29
19083,2014,31
19083,2015,31
19085,2009,1534
19091,2002,384
19103,2001,341
19103,2002,27025
19103,2003,441
19103,2004,341
19103,2005,408
19103,2006,483
19103,2008,108
19103,2009,41
19103,2011,166
19103,2012,43
19103,2013,43
19103,2014,113
19103,2015,43
19103,2016,43
19109,2002,504
19109,2003,261
19109,2012,261
19139,2006,115
19147,2002,4208
19147,2003,4208
19147,2009,277
19147,2011,277
19151,2002,596
19153,2002,1147
19153,2003,895
19163,2000,40
19163,2001,40
19163,2002,274
19163,2004,14059
19163,2014,173
19165,2003,437
19169,2001,1082
19169,2002,1636
19169,2003,1082
19169,2009,1082
19193,2003,45
19193,2006,82759
19193,2009,30
19195,2002,1989
19195,2003,1989
19197,2002,190
19197,2003,3615
19197,2004,3615
19197,2005,32
20017,2001,874
20025,2000,76
20025,2007,76
20025,2008,76
20025,2009,76
20025,2010,76
20025,2011,76
20025,2012,76
20025,2013,76
20025,2014,76
20025,2015,75
20025,2016,73
20039,2013,1761
20039,2014,1761
20051,2000,21038
20061,2000,450
20061,2005,900
20061,2006,900
20065,2002,1468
20065,2008,1468
20065,2012,288
20065,2013,144
20079,2000,2083
20103,2000,253
20103,2002,3753
20105,2002,1253
20117,2014,65
20113,2003,764
20123,2011,3782
20137,2000,460
20137,2008,59
20137,2009,3889
20137,2010,59
20137,2011,2939
20137,2012,59
20137,2013,59
20137,2015,50
20147,2000,1806
20147,2003,264
20149,1999,202
20149,2005,202
20149,2007,202
20149,2009,202
20153,2000,1225
20153,2003,1225
20153,2007,1225
20153,2008,2450
20153,2009,1225
20153,2010,1225
20153,2011,1225
20155,2003,2486
20155,2007,2486
20155,2008,2486
20155,2009,2020
20155,2010,2020
20155,2011,2020
20165,2000,1289
20165,2003,74
20171,2000,3889
20171,2008,3889
20171,2011,3889
20183,2012,451
20183,2013,451
20183,2014,110
20191,2000,1740
20191,2003,1740
20191,2007,2951
20191,2008,10697
20191,2009,1740
20191,2010,9707
20191,2011,1740
20191,2012,1740
20191,2013,1740
20191,2014,1825
20191,2015,2011
20191,2016,2242
21153,2002,2925
21147,2004,18224
22003,2010,6916
22015,2000,59611
22017,2001,255
22045,2003,57381
22045,2008,252
22045,2013,252
22047,2010,84
22047,2011,84
22047,2012,36
22055,2004,81
22055,2007,81
22055,2008,81
22055,2009,81
22055,2010,276
22055,2011,81
22055,2012,81
22055,2013,81
22055,2014,81
22055,2015,81
22075,2000,2666
22075,2001,26313
22079,2006,891
22079,2007,900
22079,2008,1791
22079,2009,1791
22079,2010,1791
22079,2011,1791
22079,2012,1875
22079,2013,4305
22079,2014,900
22079,2015,900
22093,2000,16581
22093,2001,9000
22099,2004,204
22099,2006,279
22099,2007,429
22099,2008,225
22099,2009,7692
22099,2010,5211
22099,2011,2931
22099,2012,2355
22099,2013,18143
22099,2014,225
22099,2015,75
22101,2000,8876
22101,2001,7500
22113,2009,88
22113,2010,1632
22113,2011,3176
22121,2010,2247
22121,2012,2247
23001,1999,6049
23001,2000,39164
23001,2002,19222
23001,2003,93
23001,2004,49
23001,2005,6049
23001,2006,107
23001,2007,58
23001,2008,58
23001,2009,58
23003,2001,6395
23003,2004,22669
23003,2005,15996
23003,2006,5215
23005,2000,40
23005,2003,115
23005,2006,75
23005,2013,75
23005,2014,75
23007,1999,230
23007,2003,1238
23009,1999,156
23009,2000,394
23009,2002,6541
23009,2003,289
23009,2004,5453
23009,2005,5088
23009,2006,11332
23009,2009,2485
23009,2012,838
23011,1999,14993
23011,2000,105
23011,2001,14480
23011,2003,198
23011,2004,2873
23011,2005,3386
23011,2007,30
23011,2009,33
23011,2010,33
23011,2011,63
23011,2014,25
23013,1999,558
23013,2002,558
23013,2014,25
23019,1999,328
23019,2000,1840
23019,2001,150
23019,2002,103
23019,2003,203
23019,2004,14830
23019,2007,3280
23019,2008,8680
23019,2009,3280
23019,2010,8680
23019,2013,100
23019,2016,275
23021,2001,28
23021,2003,28
23021,2007,1716
23021,2009,3404
23021,2010,3328
23021,2015,63
23023,2002,9375
23023,2011,95
23025,2003,72
23025,2006,6745
23025,2007,2192
23025,2008,9668
23025,2009,5685
23025,2010,2995
23025,2011,72
23025,2014,37
23025,2015,37
23027,1999,90
23027,2001,88
23027,2002,90
23027,2003,88
23027,2004,178
23027,2005,88
23027,2006,88
23027,2008,88
23027,2014,88
23029,2000,33
23029,2003,33
23029,2006,1903
23029,2010,38
23029,2011,111
23029,2012,40
23031,1999,15128
23031,2000,50
23031,2001,15050
23031,2002,15050
23031,2003,186
23031,2004,128
23031,2005,32266
23031,2006,333
23031,2007,205
23031,2008,377
23031,2009,105
23031,2010,50
23031,2012,346
23031,2013,149
23031,2014,2506
23031,2015,113
23031,2016,3645
24009,2002,9000
24009,2004,600
24009,2005,3250
24009,2006,1450
24009,2015,290
24011,2000,285
24011,2003,285
24011,2005,285
24011,2007,285
24011,2008,285
24011,2009,285
24011,2010,285
24011,2011,164
24011,2012,164
24011,2013,164
24011,2014,164
24011,2015,204
24015,2009,15570
24019,1999,175
24019,2000,535
24019,2002,175
24019,2003,1210
24019,2005,1385
24019,2006,810
24019,2007,810
24019,2008,535
24019,2009,535
24019,2010,535
24021,2010,1900
24023,2009,4000
24023,2012,4000
24023,2015,32
24035,1999,3942
24035,2000,913
24035,2002,3322
24035,2003,4235
24035,2005,3322
24035,2006,3322
24035,2007,3322
24037,2000,1289
24037,2001,3564
24037,2002,139
24037,2003,2984
24037,2004,3289
24037,2005,2285
24037,2006,37896
24037,2007,1972
24037,2008,1371
24037,2011,22000
24037,2012,239
24041,1999,3376
24041,2000,1200
24041,2001,675
24041,2002,3376
24041,2003,726
24041,2004,1401
24041,2005,4111
24041,2006,4051
24041,2007,4051
24041,2008,1401
24041,2012,726
24041,2015,2650
24045,1999,250
25003,2010,300
25013,2004,29137
25027,2009,120
25027,2010,30947
27003,2010,45
27003,2011,45
27003,2012,45
27005,1999,60
27005,2002,60
27005,2003,284
27005,2005,80
27005,2006,344
27005,2007,60
27005,2008,60
27005,2009,140
27005,2010,60
27005,2011,50
27005,2012,50
27005,2013,50
27005,2014,50
27005,2015,50
27005,2016,50
27021,2002,310
27021,2003,310
27021,2009,310
27027,1999,530
27027,2000,530
27027,2001,731
27027,2002,530
27027,2004,530
27027,2006,530
27043,1999,229
27043,2002,229
27043,2006,229
27047,2012,308
27047,2013,297
27047,2014,297
27047,2016,297
27051,2000,388
27051,2001,177
27051,2002,55
27051,2003,684
27051,2005,55
27051,2006,55
27051,2007,55
27051,2008,55
27051,2009,684
27051,2010,452
27051,2011,602
27051,2012,177
27051,2013,52
27051,2014,400
27051,2015,52
27067,2008,236
27071,2000,235
27071,2002,7364
27071,2003,258
27071,2004,258
27071,2006,258
27071,2009,258
27071,2010,258
27071,2011,236
27073,2008,1406
27089,1999,4004
27089,2001,4004
27091,2011,564
27085,2000,564
27085,2001,2348
27085,2002,564
27085,2004,564
27085,2007,564
27085,2010,564
27085,2012,564
27093,2000,582
27093,2002,582
27093,2003,582
27093,2005,244
27093,2006,582
27093,2009,244
27107,2001,1657
27107,2003,26
27107,2006,26
27107,2007,26
27107,2008,26
27107,2009,26
27107,2010,26
27111,1999,175
27111,2000,431
27111,2002,431
27111,2004,336
27111,2005,80
27111,2006,1774
27111,2007,431
27111,2008,431
27111,2009,431
27111,2011,80
27111,2012,25
27111,2013,25
27119,1999,395
27119,2000,215
27119,2001,696
27119,2002,1742
27119,2004,1527
27119,2005,86
27119,2009,215
27119,2012,215
27119,2013,922
27119,2014,220
27119,2015,269
27119,2016,489
27121,2001,257
27121,2009,257
27129,2000,738
27129,2001,738
27129,2002,738
27129,2003,1157
27129,2004,3308
27129,2006,738
27129,2007,1847
27129,2008,1847
27129,2009,1895
27129,2010,738
27129,2014,1151
27135,1999,150
27135,2002,150
27135,2004,1739
27135,2005,150
27135,2006,150
27135,2009,1889
27135,2010,1739
27135,2012,150
27135,2015,150
27143,2000,100
27143,2001,488
27143,2002,100
27143,2004,488
27143,2005,488
27143,2006,488
27143,2012,100
27143,2013,100
27145,2001,100
27145,2002,100
27145,2004,100
27145,2007,100
27145,2008,100
27155,1999,110
27155,2002,110
27155,2006,110
27155,2007,110
27155,2008,110
27155,2009,110
27155,2010,110
27159,2009,25
27159,2011,25
27159,2012,25
27161,2001,70
27161,2002,70
27161,2006,70
27161,2009,70
27161,2011,70
27171,2001,2733
27171,2002,2733
27171,2003,2733
27173,2001,304
27173,2002,304
27173,2014,304
29025,1999,3612
29025,2004,2733
29025,2007,853
29025,2010,3913
29031,2000,37941
29031,2001,37941
29047,1999,22848
29047,2007,3078
29069,2015,500
29091,2001,2111
29097,2010,5500
29107,2007,5088
29143,2006,1835
29165,2010,1500
29177,1999,11749
29177,2001,5797
29177,2004,5797
29177,2007,5797
29177,2010,5797
29201,2001,4591
29201,2005,3059
29201,2008,3059
29201,2009,1294
29201,2011,3059
29183,2009,25002
29183,2016,27000
29187,2001,16318
29209,2001,30
29209,2016,33
33001,2002,41
33009,2011,165
33011,2002,179
33011,2009,4105
33011,2011,98
33011,2014,2105
33013,2001,85
33013,2011,80
33013,2012,128
33013,2013,50
33013,2014,91
33015,2010,215
33015,2011,300
33015,2012,33279
33015,2015,11484
33017,2009,343
33017,2011,180
33017,2013,50
33017,2014,50
33017,2015,70
34003,1999,36062
34019,1999,1488
34019,2000,1488
34019,2001,1488
34019,2002,4773
34019,2003,1488
34019,2005,95
34021,1999,2035
34021,2000,2035
34021,2002,5400
34027,2002,3100
34031,2000,12810
35001,2000,601983
35001,2001,602033
35001,2003,602157
35001,2008,2046
35003,2001,100
35003,2002,100
35003,2010,130
35006,2001,580
35006,2003,1466
35006,2007,580
35006,2009,580
35006,2012,450
35006,2013,450
35006,2014,450
35006,2015,450
35006,2016,450
35007,2003,4680
35013,1999,22138
35013,2001,90948
35013,2002,107498
35013,2005,7904
35013,2013,29221
35017,2001,48
35017,2003,277
35017,2009,48
35017,2010,48
35019,2000,250
35025,2004,40
35025,2007,40
35025,2008,40
35029,2000,2100
35029,2002,2100
35029,2003,2100
35029,2006,17100
35029,2007,19200
35029,2008,2100
35031,2001,204
35031,2004,70
35031,2010,96
35037,2002,308
35037,2003,308
35039,2001,1230
35039,2002,10155
35039,2005,1184
35041,1999,350
35041,2002,183
35041,2003,14350
35041,2007,533
35041,2008,533
35041,2009,183
35041,2011,183
35041,2012,210
35041,2015,386
35041,2016,499
35047,1999,200
35047,2007,600
35047,2014,50
35043,1999,233
35043,2000,80200
35043,2001,74723
35043,2002,80547
35043,2003,73758
35043,2004,71718
35043,2006,75
35043,2007,3965
35043,2008,74082
35043,2009,12525
35043,2010,12592
35043,2011,2754
35043,2012,11844
35043,2013,3492
35043,2014,2623
35043,2015,675
35043,2016,1175
35049,2001,155
35049,2002,51
35049,2003,475
35049,2005,7551
35051,2007,984
35051,2008,984
35053,1999,60
35053,2000,9870
35053,2001,2548
35053,2002,9930
35053,2004,948
35053,2007,10878
35053,2008,9930
35053,2009,9930
35053,2010,9930
35053,2011,9870
35053,2012,10820
35053,2015,950
35053,2016,60
35061,2000,19384
35061,2001,9830
35061,2002,19434
35061,2003,4000
35061,2004,14284
35061,2007,29214
35061,2008,24114
35061,2009,24114
35061,2010,9830
35061,2011,9830
35061,2012,50
35061,2013,50
35061,2014,50
35061,2015,50
35061,2016,50
36003,2000,750
36003,2001,2000
36003,2003,750
36003,2004,2790
36003,2005,790
36003,2006,750
36003,2007,2790
36003,2008,2040
36003,2009,790
36003,2010,2890
36003,2011,40
36003,2012,40
36003,2013,40
36003,2014,40
36003,2015,850
36009,2011,550
36013,2007,40
36013,2009,45
36017,2007,40
36017,2008,40
36017,2009,40
36017,2010,1683
36017,2011,390
36017,2012,40
36017,2013,40
36017,2016,40
36021,2005,15078
36039,2006,13188
36039,2007,2346
36039,2008,4346
36039,2012,1352
36039,2014,2496
36039,2016,2166
36053,2003,75
36065,2013,3595
36067,2013,200
36075,2003,41
36075,2013,54
36079,2005,1100
36079,2006,724
36079,2007,724
36079,2008,724
36079,2009,724
36079,2010,1422
36079,2011,724
36079,2012,724
36095,2002,676
36095,2004,115
36095,2005,115
36095,2006,676
36101,2006,30
36101,2007,30
36109,2007,110
36109,2009,42
36109,2013,2000
36109,2014,2000
36119,2002,63
41005,2003,56
41005,2010,550
41007,2004,20685
41009,2003,70
41009,2004,119
41009,2005,70
41009,2006,70
41009,2007,145
41009,2008,189
41009,2009,189
41009,2010,44
41009,2013,70
41013,2003,180
41013,2007,180
41021,2003,610
41029,2004,88
41029,2005,48
41029,2007,90
41029,2008,323
41029,2009,88
41029,2010,158
41029,2011,323
41029,2014,90
41029,2015,205
41035,2007,805
41035,2008,805
41037,2002,2295
41037,2003,2295
41037,2004,250
41037,2007,250
41037,2008,250
41037,2009,250
41037,2010,250
41037,2011,250
41037,2012,250
41037,2013,250
41037,2014,250
41037,2015,250
41037,2016,250
41039,2003,206
41039,2004,534
41039,2005,4785
41039,2006,84
41039,2007,4981
41039,2008,281
41039,2009,190
41039,2010,190
41039,2011,85
41039,2012,60
41039,2013,405
41039,2016,45
41045,2003,1997
41045,2004,80
41045,2005,5167
41045,2008,2025
41045,2010,80
41045,2011,5167
41045,2012,3298
41045,2013,5188
41045,2014,5240
41045,2015,5288
41045,2016,5173
41047,2002,3005
41047,2003,59
41047,2004,30
41047,2005,1789
41047,2006,909
41047,2007,1039
41047,2008,879
41047,2009,1009
41047,2010,950
41047,2011,288
41047,2012,147
41047,2013,335
41047,2014,176
41047,2016,3353
41051,2003,28
41051,2004,28
41051,2009,28
41051,2010,28
41053,2016,2195
41065,2015,150
42009,2004,98
42009,2007,100
42009,2008,100
42011,2000,450
42011,2003,7550
42011,2006,7550
42011,2007,450
42011,2008,135
42017,1999,4085
42017,2000,49581
42017,2002,13657
42017,2003,23952
42017,2004,13900
42017,2005,12828
42017,2006,21256
42017,2007,13597
42017,2008,5650
42017,2009,5308
42017,2010,95808
42017,2011,90
42017,2012,280
42017,2013,190
42025,2006,4898
42025,2007,350
42025,2008,350
42025,2009,350
42025,2010,350
42025,2011,461
42039,2000,1090
42039,2001,890
42039,2002,990
42039,2003,1186
42039,2004,929
42039,2005,90
42039,2006,536
42039,2007,536
42039,2008,536
42039,2009,346
42043,2012,25
42049,2004,29917
42069,2000,150
42069,2003,150
42069,2006,150
42069,2007,150
42069,2008,150
42069,2009,150
42069,2010,150
42069,2011,150
42075,2006,2500
42077,2012,2570
42077,2013,2570
42079,2000,140
42079,2003,140
42079,2012,64
42079,2014,64
42081,2014,195
42089,2015,50
42091,2004,250
42091,2006,250
42091,2007,7500
42091,2016,5200
42099,2000,772
42099,2003,586
42099,2006,772
42099,2007,1441
42099,2008,1675
42099,2009,963
42099,2010,108
42099,2011,60
42099,2012,294
42099,2013,2998
42099,2014,420
42099,2015,48
42099,2016,88
42107,2007,2500
42113,2004,738
42117,2006,529
42117,2007,130
42117,2015,340
42123,2000,50
42123,2003,800
42123,2004,50
42123,2006,800
42127,2004,1100
42127,2005,200
42127,2006,200
42127,2007,5500
42127,2008,5500
42127,2010,1100
42131,2003,245
42131,2006,54
42131,2007,54
42131,2014,54
42133,2001,9800
42133,2009,150
42133,2015,40
42133,2016,40
45063,2007,49
49003,2000,1238
49003,2002,1193
49003,2003,1238
49003,2004,2036
49003,2005,65
49003,2006,1128
49003,2008,65
49003,2011,32
49003,2012,32
49003,2013,32
49003,2014,32
49003,2015,125
49005,2003,500
49005,2006,770
49005,2009,500
49005,2011,500
49005,2012,490
49005,2013,840
49011,2005,27000
49017,2001,200
49017,2005,600
49027,2000,3250
49027,2001,415
49027,2002,4000
49027,2003,75
49027,2005,3325
49027,2006,3250
49027,2007,1090
49027,2008,3250
49027,2010,75
49027,2013,75
49027,2015,1090
49027,2016,64
49031,2003,152
49031,2008,152
49031,2010,152
49035,2000,137090
49035,2001,46000
49035,2004,46090
49035,2008,77000
49035,2009,106000
49037,2002,230
49037,2007,3267
49037,2008,230
49037,2011,230
49037,2012,230
49039,2000,4088
49039,2004,205
49039,2006,3500
49039,2009,120
49039,2011,4444
49039,2012,120
49039,2013,3244
49039,2014,6744
49039,2015,120
49039,2016,120
49041,2012,850
49043,2000,7500
49043,2001,7500
49043,2002,7500
49043,2003,350
49043,2008,350
49043,2011,350
49043,2012,5400
49043,2013,426
49045,2002,1231
49045,2005,1231
49045,2008,1231
49045,2011,1231
49049,2001,17641
49049,2004,17641
49049,2006,30
49049,2007,141
49049,2010,171
49049,2012,2491
49049,2013,141
49051,2011,660
49051,2012,660
49053,2000,74550
49053,2001,100
49053,2002,74550
49053,2003,74550
49053,2004,4550
49053,2005,650
49053,2008,120
49053,2009,70000
49053,2010,120
49053,2011,120
49053,2012,1019
49053,2015,80000
49055,2000,240
49055,2001,240
49055,2002,730
49055,2003,490
49055,2004,730
49055,2005,240
49055,2010,490
49055,2012,270
49055,2013,270
49055,2015,210
49055,2016,160
49057,2005,125
49057,2008,125
49057,2010,125
49057,2013,350
50019,1999,4766
50019,2001,315
50019,2002,4766
50019,2003,4766
50019,2004,5081
50019,2005,5081
50019,2006,5332
50019,2007,315
50019,2008,315
50019,2009,457
50019,2010,142
50019,2011,142
50019,2012,142
50019,2013,142
50019,2014,142
50019,2016,251
50025,1999,37
50025,2000,37
50025,2001,37
50025,2003,37
50025,2004,37
50025,2005,37
50025,2011,37
53005,2004,100
53005,2016,352
53009,2003,28
53015,1999,55
53015,2002,55
53015,2003,55
53015,2004,55
53015,2006,55
53015,2007,55
53015,2008,55
53015,2009,55
53015,2010,55
53015,2011,55
53015,2012,55
53015,2013,55
53015,2014,55
53017,2002,1024
53017,2003,964
53017,2008,799
53017,2009,799
53017,2010,739
53019,2001,472
53019,2008,472
53019,2009,472
53019,2011,572
53019,2012,740
53019,2013,740
53021,2002,417
53021,2003,385
53021,2005,285
53021,2007,433
53021,2008,357
53021,2010,500
53021,2015,106
53021,2016,106
53025,2002,172
53025,2004,172
53025,2006,2467
53025,2007,2178
53025,2008,2377
53025,2009,2290
53025,2010,1416
53025,2011,1200
53025,2012,1200
53025,2014,1200
53025,2015,38
53027,2003,3625
53027,2004,3625
53027,2008,3625
53027,2009,3625
53027,2015,5205
53029,2000,550
53029,2001,534
53029,2002,2612
53029,2003,3316
53029,2004,3460
53029,2005,344
53029,2006,1243
53029,2007,4805
53029,2008,3560
53029,2009,4042
53029,2010,5166
53029,2011,2910
53029,2012,2301
53029,2013,2656
53029,2014,3777
53029,2015,5102
53029,2016,887
53031,2002,1010
53031,2008,2501
53031,2009,2501
53031,2010,215
53031,2011,215
53031,2012,280
53031,2013,280
53033,2002,5792
53033,2003,11260
53033,2004,1830
53033,2005,2950
53033,2006,14112
53033,2007,8013
53033,2008,4434
53033,2009,3493
53033,2010,736
53033,2011,365
53033,2012,115
53033,2013,47
53033,2014,46
53033,2015,49
53033,2016,346
53035,2002,80
53035,2003,11355
53035,2004,40
53035,2005,236
53035,2006,276
53035,2007,11637
53035,2016,40
53037,2000,600
53037,2003,600
53037,2005,600
53037,2006,600
53037,2007,600
53037,2008,600
53037,2009,600
53037,2010,600
53037,2012,600
53041,2005,30
53041,2015,200
53041,2016,54
53043,2002,48
53043,2003,48
53043,2007,75
53043,2008,75
53043,2009,75
53043,2010,27
53043,2011,27
53043,2012,75
53045,2005,306
53045,2006,306
53045,2007,306
53045,2016,306
53047,2002,295
53051,2009,344
53051,2010,344
53051,2015,344
53051,2016,344
53053,2002,95
53053,2003,531
53053,2004,12200
53053,2005,10127
53053,2006,9046
53053,2007,2144
53053,2008,1958
53053,2009,1709
53053,2010,1659
53053,2011,731
53053,2012,802
53053,2013,776
53053,2014,897
53053,2015,331
53053,2016,95
53055,2003,2440
53055,2004,3769
53055,2005,958
53055,2006,1045
53055,2007,3945
53055,2009,308
53057,2003,115
53057,2004,57
53057,2005,22
53057,2006,79
53057,2007,125
53057,2008,79
53057,2009,79
53057,2010,79
53057,2011,79
53057,2012,90
53057,2014,39
53059,2003,46
53061,1999,7017
53061,2000,7017
53061,2002,30
53061,2003,280
53061,2004,40
53061,2005,30
53061,2006,368
53061,2007,400
53061,2008,70
53061,2009,30
53061,2010,70
53061,2011,30
53061,2012,102
53061,2013,30
53061,2015,28
53063,2007,110
53063,2008,50
53063,2009,50
53063,2010,191
53063,2011,50
53063,2012,50
53063,2013,50
53063,2014,50
53065,2002,253
53065,2003,280
53065,2004,169
53065,2006,280
53065,2007,160
53065,2008,160
53065,2010,160
53065,2012,379
53065,2014,99
53065,2015,99
53065,2016,120
53067,2002,142
53067,2003,29
53067,2005,40
53067,2006,40
53067,2007,560
53067,2008,40
53067,2009,40
53067,2010,264
53067,2011,264
53067,2012,40
53067,2013,40
53071,2003,1393
53071,2005,1393
53071,2006,1393
53071,2007,1087
53071,2008,737
53071,2009,737
53073,1999,126
53073,2001,318
53073,2002,907
53073,2003,754
53073,2005,3085
53073,2006,6761
53073,2007,6778
53073,2008,9526
53073,2009,2819
53073,2010,4967
53073,2011,1018
53073,2012,675
53077,2002,220
53077,2004,180
53077,2007,180
53077,2008,180
53077,2010,220
54033,2003,30
54033,2004,5256
54033,2006,1680
54033,2007,4284
54033,2008,2634
54033,2009,7717
54033,2014,30
54065,2012,204
54065,2013,204
54109,2008,283
55005,1999,1073
55005,2000,44
55005,2002,1073
55005,2005,1073
55005,2006,1098
55005,2011,1073
55009,2005,15193
55021,2000,72
55021,2006,72
55021,2007,72
55021,2008,72
55021,2012,1735
55027,2008,189
55039,1999,302
55039,2002,302
55063,2009,240
55065,1999,98
55065,2000,98
55065,2003,98
55065,2014,98
55065,2015,98
55075,2006,2079
55077,2015,25
55083,1999,559
55083,2002,559
55083,2005,559
55083,2006,559
55087,1999,10287
55087,2002,3535
55089,2000,110
55095,1999,2680
55095,2002,2680
55095,2006,2680
55101,2011,170
55105,2000,230
55105,2003,230
55105,2004,230
55105,2016,230
55117,1999,519
55127,2000,50
55127,2001,120
55127,2003,110
55127,2006,50
55127,2007,50
55127,2008,50
55131,2003,206
55133,2000,192
55133,2009,110
55135,2006,4635
55141,2012,225
06055,2006,101255
08013,2004,166130
08085,2001,490
08105,2016,1890
09003,2007,51160
09003,2008,69610
09003,2009,155
09003,2010,249
09005,2006,16690
09005,2008,35136
09009,2010,74534
09011,2004,3397
12003,2008,6600
12057,2008,1893
12069,2006,30
12069,2015,36838
12071,2016,2000
12073,2009,150
12097,2008,42354
12097,2015,339
12099,2002,208624
12099,2012,600
12117,2000,1187
19019,2006,309
19061,1999,236
19063,2011,68
19081,2000,309
19085,2006,65
19097,2005,576
19131,2007,494
19139,2008,24386
19145,2007,159
19145,2008,373
19147,2008,3931
19153,2000,25
19163,2005,125
19163,2011,137201
19183,2008,1408
19187,2009,842
21007,2001,1708
22103,2013,60
23003,2014,2250
25027,2014,82
27003,1999,10500
27025,2002,1039
27025,2012,452
27079,2000,34
27095,2006,106
27099,2001,23702
27099,2002,84
27117,2000,4356
27123,2001,470547
27133,2000,3817
27145,1999,144
27163,2015,52
27169,2005,44
33001,2007,738
33001,2009,388
33017,2012,345
35005,2002,450
35007,2004,4710
35009,2002,35000
35013,2000,1803
35025,2000,40
35027,2000,470
35035,2006,2925
35037,2001,6000
35049,2000,60
36019,2002,4900
36043,2016,2266
36079,2002,938
36105,2004,1060
37031,2010,60
37035,2012,374
37067,2010,170
37153,2011,10702
37167,2010,5647
42009,2016,55
42071,2004,2633
50011,2006,2030
50015,2005,139
50021,2005,18912
53071,2012,40
53071,2013,40
54059,2007,1484
55033,2006,60
55033,2008,110
55043,2014,181
55049,2000,55
55049,2011,2706
55087,2008,72000
55121,2011,1496
55133,2006,46
55133,2010,66
06007,2007,55
06015,2014,112
06021,2016,150
06033,2009,2463
06059,2012,200
06065,2000,62
06065,2001,162
06065,2002,137
06069,2000,55
06069,2001,25
06069,2002,25
06069,2003,25
06069,2004,25
06073,2002,360
06083,2011,240
06085,2000,150
06085,2001,150
06085,2002,208
06085,2003,58
06085,2005,195
06085,2006,195
06085,2007,195
06085,2008,45
06085,2009,45
06085,2010,45
06085,2011,45
06085,2012,45
06085,2013,45
06085,2014,45
06085,2015,45
06085,2016,45
06087,2014,350
06089,2003,99
06099,2000,1219
06107,2000,2110
06107,2001,550
06111,2002,800
06111,2003,800
06111,2004,800
06111,2007,800
06111,2008,30000
06111,2012,150
06111,2015,30000
06111,2016,36900
06113,2016,33
06115,2001,35
06115,2002,30
06115,2004,35
06115,2009,35
08001,1999,112
08001,2004,112
08001,2005,112
08001,2011,182
08015,2001,90
08061,2003,85
08063,2015,3625
08073,1999,129
08073,2000,129
08073,2001,129
08073,2002,129
08073,2003,129
08087,2000,1306
08087,2003,1006
08087,2012,1300
08093,2015,65
08103,2009,50
08115,1999,1462
08115,2000,1462
08123,2000,350
08123,2001,350
08123,2002,350
08123,2010,350
08123,2011,2789
12011,2000,120000
12057,2000,250
12057,2001,250
12057,2002,250
12057,2005,250
19041,2000,608
19045,2009,150
19047,1999,49
19047,2000,49
19047,2001,49
19047,2002,49
19085,2003,1459
19085,2004,1459
19093,1999,208
19093,2008,718
19095,2011,750
19119,1999,1088
19119,2000,537
19119,2005,577
19119,2006,577
19127,2006,505
19129,2003,152
19129,2006,152
19129,2007,152
19133,1999,374
19133,2011,1224
19137,2005,350
19145,2003,11083
19145,2004,4180
19149,2007,1663
19155,1999,27
19155,2000,27
19167,2000,3354
19177,1999,664
19193,2013,50
20013,1999,230
20013,2000,230
20013,2001,230
20013,2002,230
20013,2007,282
20013,2008,512
20013,2009,3690
20013,2010,3690
20013,2011,3690
20013,2012,230
20013,2013,230
20013,2014,3404
20013,2015,3108
20013,2016,3095
20027,1999,130
20027,2000,1106
20027,2002,130
20027,2014,130
20033,2000,101
20047,2016,83
20051,2001,300
20063,2005,280
20065,2010,144
20065,2011,299
20077,2010,2254
20081,2013,32
20081,2014,32
20081,2015,32
20087,1999,228
20087,2000,228
20087,2001,228
20087,2002,2546
20087,2003,228
20087,2004,2546
20087,2005,2546
20089,1999,959
20089,2000,1128
20089,2001,959
20089,2003,959
20089,2004,959
20095,2003,487
20095,2004,487
20095,2006,487
20095,2007,487
20095,2008,487
20095,2009,487
20095,2010,487
20095,2011,487
20095,2012,487
20095,2013,487
20095,2014,487
20095,2015,475
20095,2016,472
20097,2001,785
20097,2002,785
20097,2007,686
20097,2008,686
20097,2009,686
20097,2010,686
20097,2011,686
20097,2012,686
20097,2013,686
20097,2014,686
20097,2015,684
20101,2002,300
20101,2003,300
20115,1999,217
20127,2002,596
20141,1999,103
20141,2001,886
20141,2002,886
20147,1999,132
20147,2001,872
20147,2002,297
20147,2006,165
20147,2007,165
20147,2008,165
20147,2009,2706
20147,2010,165
20149,2000,712
20149,2001,712
20155,1999,1921
20155,2002,1184
20155,2004,1154
20155,2005,688
20155,2006,1154
20155,2012,688
20155,2014,688
20155,2015,681
20155,2016,681
20157,2014,113
20157,2015,508
20157,2016,109
20159,2000,2299
20159,2001,2299
20159,2013,78
20163,2009,1327
20167,2004,4865
20167,2012,390
20183,1999,110
20183,2001,110
20191,1999,1740
20191,2001,1243
20191,2002,9210
20191,2004,1243
20191,2005,7530
20201,2001,318
20201,2002,318
20201,2003,318
20201,2008,108
20201,2009,108
20201,2010,108
20201,2011,108
20201,2015,107
21015,1999,355
21141,1999,2017
23019,2005,3254
24003,2009,40
24013,1999,108
24013,2010,1076
24021,2008,7878
24045,2008,60
24045,2013,220
24045,2014,1785
24047,2005,150
25027,2013,3372
27009,2013,400
29005,2001,645
34011,2001,775
34011,2003,81
34011,2008,775
34011,2016,1600
34015,2016,100
34041,2004,310
35001,1999,162
35009,2003,14
35009,2005,35000
35047,2001,60
35057,2005,120
35057,2006,120
35057,2007,120
35057,2008,120
35057,2014,680
35057,2015,195
35057,2016,195
36023,2003,60
36023,2004,415
36023,2005,469
36023,2006,60
36043,2012,372
36045,2004,34240
36045,2005,35500
36045,2006,38500
36045,2008,34900
36053,2010,30
36059,2003,43000
36069,2003,12618
36091,2014,30
36091,2015,1480
36105,2016,8000
36123,2000,150
36123,2003,3850
37071,2014,793
41005,2005,300
41005,2009,300
41059,2015,96
41059,2016,96
41065,2016,130
42007,1999,1632
42009,2002,5570
42029,2000,44
42029,2002,10165
42029,2011,264
42029,2012,165
42029,2013,264
42029,2014,165
42029,2015,165
42039,2012,110
42049,2006,93
42049,2014,28
42049,2015,28
42071,1999,9808
42071,2000,308
42071,2001,168
42071,2002,155
42071,2003,85
42071,2005,161
42071,2006,161
42071,2007,50
42071,2008,123
42071,2009,85
42071,2010,2585
42071,2011,1900
42071,2013,115
42071,2014,200
42071,2015,200
42075,2005,480
42077,2003,90
42095,2004,90
42095,2005,90
42095,2006,90
42133,2003,117
42133,2004,35
50005,2015,361
53001,2002,46
53005,2001,120
53005,2002,157
53005,2003,157
53005,2005,49
53005,2006,49
53005,2007,157
53005,2008,139
53005,2009,108
53005,2010,108
53005,2011,108
53005,2012,108
53005,2015,52
53017,2004,213
53017,2005,213
53017,2006,213
53017,2007,213
53017,2016,75
53021,2004,288
53021,2006,336
53021,2011,428
53021,2012,28
53021,2013,28
53021,2014,28
53025,2003,120
53025,2005,361
53063,2002,180
53071,2001,187
53071,2002,1193
53071,2004,1193
53071,2010,350
53073,2004,2855
53073,2013,634
53073,2014,519
53073,2015,519
53073,2016,624
53075,2003,324
53075,2006,324
53077,2012,260
54037,2010,207
54053,2000,3037
55005,2012,25
55021,2002,311
55025,2011,25
55027,2006,120
55033,2000,40
55033,2001,40
55033,2009,50
55033,2012,40
55033,2013,40
55033,2016,40
55035,2004,250
55057,2004,60
55057,2015,60
55071,1999,997
55073,2015,145
55073,2016,145
55077,2016,25
55097,2000,90
55097,2002,90
55097,2005,75
55097,2006,90
55105,2009,25
55111,2012,300
55115,2002,450
55109,2006,64
55121,2008,1452
55127,1999,1839
08007,2004,100
08007,2005,100
08007,2006,50
08013,2005,2700
08013,2012,1900
08029,2005,1120
08029,2006,2700
08029,2007,300
08029,2008,2700
08029,2013,2700
08033,2005,250
08049,2011,531
08051,2004,200
08051,2014,1600
08069,2004,2102
08069,2008,260
08069,2009,490
08069,2010,1090
08069,2013,751
08077,2010,300
08083,2004,1140
08097,2013,300
08101,2004,947
08101,2005,612
08101,2007,219
08101,2013,438
08101,2014,2030
08101,2015,219
08101,2016,219
08107,2004,41
08107,2005,41
08107,2007,891
08107,2008,41
08107,2009,41
08107,2010,891
08107,2012,850
08107,2013,41
08113,2010,2010
08117,2010,162
08119,2005,250
08123,2005,14200
09009,2009,37267
09009,2011,37267
09011,2005,727
09011,2006,3336
12001,2014,7500
12001,2015,8800
12001,2016,7500
12005,2002,65167
12005,2003,85974
12005,2009,4758
12005,2013,33998
12009,2004,3390
12009,2006,2062
12009,2007,1375
12009,2008,1094
12009,2009,1865
12009,2010,15786
12009,2011,7951
12009,2012,1376
12009,2014,1324
12009,2015,1631
12009,2016,1244
12011,2004,14752
12011,2005,87674
12011,2006,5790
12011,2011,16884
12015,2004,2524
12015,2005,4118
12015,2006,2524
12017,2004,11726
12017,2006,140
12017,2007,14582
12017,2008,14646
12017,2009,14528
12017,2010,322
12017,2011,5813
12017,2015,14961
12021,2004,70086
12021,2005,5750
12021,2006,5550
12021,2007,1342
12021,2009,5050
12021,2010,5000
12023,2004,36610
12023,2005,1100
12023,2006,1100
12023,2011,50
12023,2012,25
12027,2004,18086
12029,2004,7246
12029,2005,8166
12029,2006,8166
12029,2007,8166
12029,2008,6326
12029,2009,6326
12029,2010,5700
12029,2011,5700
12029,2012,5700
12029,2013,5700
12035,2004,21394
12035,2005,14127
12035,2006,942
12035,2007,942
12035,2011,8362
12035,2013,200
12035,2014,8926
12037,2004,5550
12037,2005,7850
12037,2006,7850
12037,2007,7850
12037,2008,5648
12037,2009,5550
12037,2010,10117
12043,2004,1733
12043,2005,5588
12043,2007,1725
12043,2014,1000
12051,2006,5346
12051,2007,9564
12053,2010,800
12053,2011,800
12053,2012,800
12053,2013,800
12055,2004,978
12055,2005,567
12055,2007,4334
12055,2010,4000
12055,2012,7503
12055,2013,4056
12055,2014,806
12055,2015,336
12055,2016,2966
12061,2004,8930
12061,2005,8930
12061,2006,8930
12067,2004,3600
12067,2006,3600
12067,2007,3600
12067,2008,3600
12067,2009,1800
12067,2010,1800
12067,2012,3600
12069,2004,9455
12069,2007,590
12069,2008,6130
12069,2009,10925
12069,2010,1000
12069,2012,626
12069,2013,21518
12071,2004,6600
12071,2005,7220
12071,2006,36256
12071,2007,624
12071,2013,6564
12075,2004,4281
12075,2005,2781
12075,2006,3492
12075,2007,1281
12075,2008,1992
12075,2010,570
12075,2011,570
12075,2012,270
12075,2013,270
12079,2015,60
12083,2011,1500
12083,2012,1500
12083,2013,1500
12083,2014,1500
12083,2015,1724
12085,2003,1500
12085,2004,6379
12085,2005,5685
12085,2006,12270
12085,2007,1500
12085,2008,750
12085,2009,1500
12085,2010,1500
12085,2011,1689
12085,2012,99
12085,2014,80
12085,2015,80
12085,2016,179
12086,2004,2220
12086,2005,2340
12086,2006,240
12086,2007,2490
12086,2008,2340
12086,2009,240
12086,2010,2415
12086,2011,4200
12086,2014,4312
12089,2012,342
12089,2015,40
12093,2003,40926
12093,2004,2590
12093,2005,2972
12093,2006,2390
12093,2007,2390
12093,2009,768
12093,2012,1536
12093,2014,350
12093,2015,1590
12095,2004,5755
12095,2005,63355
12095,2006,57825
12095,2007,124
12095,2008,8464
12095,2009,11796
12095,2011,4537
12095,2012,325
12095,2015,140
12097,2004,90014
12097,2005,86320
12097,2006,43258
12097,2007,49348
12097,2010,825
12099,2004,1328
12099,2005,3300
12099,2006,3414
12099,2007,350
12099,2008,560
12099,2010,9832
12099,2011,828
12099,2014,1278
12099,2015,434
12101,2004,445437
12101,2005,9131
12101,2006,6727
12101,2016,298
12105,2005,1000
12105,2009,8056
12105,2010,6424
12105,2012,1450
12105,2014,13895
12105,2015,2430
12107,2004,16833
12107,2008,12264
12107,2012,2000
12107,2013,2000
12107,2014,2487
12107,2015,199
12115,2005,154
12115,2015,308
12117,2007,4640
12117,2010,492
12117,2013,56023
12117,2015,39195
12109,2004,5926
12109,2005,5058
12109,2007,505
12109,2012,80
12109,2013,80
12109,2016,50
12111,2004,8088
12111,2005,4033
12111,2006,1631
12111,2007,1968
12111,2008,794
12111,2009,187
12111,2010,650
12111,2011,650
12111,2013,3056
12119,2006,1256
12119,2009,1648
12121,2009,400
12123,2005,6404
12123,2006,6404
12123,2007,3202
12123,2009,8900
12123,2011,8900
12123,2013,3000
12123,2015,6000
12127,2004,2182
12127,2006,1372
12127,2007,1783
12127,2008,1082
12127,2009,1134
12133,2006,1800
19045,2010,53770
19051,2001,5280
19051,2007,5280
19051,2008,5280
19051,2009,5280
19051,2010,5280
19051,2011,2640
19051,2015,2740
19053,2002,4301
19053,2008,204
19109,2015,510
19111,2006,2400
19117,2004,8642
19117,2005,4321
19117,2007,8642
19173,2000,2970
19173,2001,2970
19173,2002,2970
19173,2003,1485
19183,2016,118
20001,2002,5633
20001,2003,11226
20001,2004,11226
20001,2005,5613
20001,2007,326
20001,2013,2358
20001,2014,2881
20003,2002,7206
20003,2003,6614
20003,2006,3381
20003,2012,3307
20003,2014,2731
20005,2007,594
20005,2009,21850
20005,2010,21850
20005,2014,1637
20005,2015,1450
20011,2002,1836
20011,2004,1836
20011,2005,918
20013,2004,452
20015,2006,1510
20015,2007,138
20015,2009,5172
20015,2013,11210
20015,2015,5839
20015,2016,872
20017,2002,1748
20019,2002,2176
20019,2004,2842
20019,2005,2842
20019,2006,3078
20019,2015,306
20019,2016,1373
20021,2006,6032
20021,2008,3223
20021,2015,179
20031,2002,6356
20031,2004,9436
20031,2005,7194
20031,2006,7528
20031,2015,808
20037,2002,4890
20037,2003,10
20037,2007,2113
20037,2008,10
20037,2014,442
20041,2006,5253
20043,2002,874
20043,2014,874
20045,2015,3220
20049,2002,2976
20049,2004,2779
20049,2005,2976
20049,2006,1710
20049,2007,1710
20049,2008,2698
20049,2009,1710
20049,2010,1710
20049,2011,636
20049,2012,636
20049,2013,636
20049,2015,816
20049,2016,1262
20053,2002,5252
20053,2003,5252
20053,2004,5252
20059,2002,6844
20059,2004,3884
20059,2005,3884
20059,2010,924
20059,2014,2320
20059,2015,1474
20061,2002,1196
20061,2012,1196
20061,2013,1196
20061,2014,2913
20061,2015,2858
20073,2002,1838
20073,2004,3714
20073,2005,2900
20073,2006,2502
20073,2007,2238
20073,2008,1167
20073,2009,1838
20073,2010,496
20073,2011,496
20073,2012,496
20073,2013,496
20073,2014,804
20073,2015,482
20073,2016,1278
20085,2002,20
20085,2004,662
20085,2005,8120
20085,2011,10
20085,2016,2500
20087,2007,1159
20091,2002,20473
20091,2004,40946
20099,2002,15168
20099,2004,5908
20099,2005,4131
20099,2006,3949
20099,2007,4313
20099,2008,1268
20099,2009,1268
20099,2013,6654
20099,2015,2484
20099,2016,1127
20105,2006,138
20107,2002,2760
20107,2004,14660
20107,2005,9300
20107,2006,9624
20107,2007,4278
20107,2008,193
20107,2009,193
20107,2010,193
20111,2013,1292
20111,2015,633
20115,2002,9530
20115,2003,5806
20115,2004,4879
20115,2005,4879
20115,2011,447
20115,2013,447
20115,2015,5439
20115,2016,878
20117,2015,65
20121,2002,4385
20121,2004,4299
20121,2007,4299
20121,2008,4299
20121,2009,4299
20121,2015,4870
20121,2016,10847
20123,2007,7607
20125,2002,4591
20125,2004,4902
20125,2005,4902
20125,2006,4172
20125,2007,10862
20125,2008,1282
20125,2009,622
20125,2010,311
20125,2011,622
20125,2012,622
20125,2013,622
20125,2014,3682
20125,2015,4714
20125,2016,936
20127,2004,4228
20127,2013,2180
20131,2002,2568
20133,2002,3204
20133,2004,14554
20133,2005,3204
20133,2006,4800
20133,2007,1320
20133,2008,962
20133,2009,962
20133,2013,1210
20133,2014,6610
20133,2015,2064
20139,2002,4516
20139,2004,5400
20139,2005,1800
20139,2008,972
20139,2009,11
20139,2010,900
20167,2014,824
20169,2014,875
20177,2007,127679
20177,2012,500
20177,2013,2285
20177,2014,1785
20177,2015,2285
20197,2002,1015
20197,2004,2136
20197,2005,1312
20197,2006,488
20197,2007,488
20197,2016,486
20205,2002,6020
20205,2004,7412
20205,2005,7188
20205,2006,9443
20205,2007,7188
20205,2008,7636
20205,2009,2856
20205,2013,833
20205,2014,1757
20205,2015,2737
20207,2002,5079
20207,2003,2760
20207,2004,2319
20207,2005,546
21001,2009,25
21005,2013,7633
21011,2004,3359
21011,2013,19192
21011,2015,4332
21013,2006,275
21013,2011,275
21013,2013,550
21013,2014,275
21017,2005,2298
21017,2006,13632
21017,2007,2298
21017,2009,13632
21017,2011,13632
21017,2013,1366
21021,2013,4704
21021,2015,37304
21033,2004,10288
21043,2010,19644
21043,2011,11892
21045,2007,2946
21045,2010,2946
21045,2013,2946
21049,2010,30707
21053,2004,14702
21055,2004,6066
21055,2005,6066
21055,2006,3033
21061,2014,1441
21061,2015,1441
21071,2011,21512
21073,2013,1925
21077,2010,2376
21081,2006,5495
21081,2007,5495
21081,2014,6278
21081,2015,16507
21087,2004,2396
21087,2013,30994
21087,2014,30994
21087,2015,15497
21089,2008,19193
21089,2014,35438
21095,2007,90
21097,2005,7841
21097,2010,7841
21101,2004,0
21107,2004,5733
21107,2007,3505
21107,2008,7010
21107,2009,3505
21107,2011,3505
21107,2013,42495
21109,2004,3980
21109,2005,3980
21109,2006,3980
21109,2007,1990
21109,2010,1990
21113,2013,10990
21115,2015,24354
21117,2006,312
21119,2015,600
21123,2005,4951
21123,2013,9225
21123,2014,10166
21123,2015,14795
21125,2004,27906
21129,2008,13566
21133,2005,8227
21133,2006,2673
21133,2009,85
21133,2010,2951
21133,2011,3616
21133,2012,435
21133,2014,2881
21137,2013,7139
21137,2014,7142
21139,2010,9079
21139,2011,7300
21143,2004,1706
21143,2008,1706
21151,2004,11969
21151,2006,11969
21151,2010,13169
21153,2005,2925
21153,2007,2925
21153,2008,5850
21153,2015,20588
21159,2014,21686
21159,2016,21686
21149,2004,4336
21149,2008,4336
21149,2010,4336
21149,2013,3024
21163,2005,2109
21167,2013,9653
21167,2015,6855
21169,2015,8515
21173,2004,16391
21173,2006,16391
21173,2007,16391
21173,2013,19860
21173,2014,5821
21173,2015,2471
21173,2016,9171
21175,2002,2655
21175,2010,2655
21181,2004,5558
21181,2009,5558
21181,2010,5558
21181,2011,3888
21181,2013,5558
21181,2015,4089
21183,2004,6238
21183,2006,6238
21183,2008,3119
21183,2009,9185
21183,2012,6238
21183,2013,4319
21183,2015,4456
21183,2016,3119
21189,2007,5495
21189,2009,10990
21191,2013,11287
21191,2016,5515
21193,2013,26730
21193,2014,28394
21193,2015,832
21193,2016,1664
21197,2013,15857
21199,2004,1455
21199,2013,5114
21199,2016,2284
21201,2016,814
21205,2009,6500
21205,2010,13000
21205,2011,6500
21207,2004,10799
21207,2007,10799
21213,2006,8200
21213,2007,8200
21213,2009,8200
21213,2010,8200
21221,2009,6000
21221,2011,6000
21225,2004,7354
21225,2005,7354
21225,2006,7354
21227,2011,54945
21229,2004,12076
21233,2004,6148
21233,2013,1886
21233,2015,9076
21233,2016,1654
21235,2005,5474
21237,2004,6600
21237,2005,6600
21237,2007,6600
21237,2012,13200
21237,2014,6600
21237,2015,13200
22005,2004,2412
22005,2008,15900
22009,2009,3762
22013,2005,840
22013,2009,4140
22013,2011,4560
22013,2014,3903
22017,2004,6921
22017,2007,1978
22017,2009,6330
22017,2010,4966
22017,2012,3121
22017,2014,6217
22017,2015,5833
22021,2004,972
22021,2005,972
22021,2006,972
22021,2007,3540
22021,2014,972
22021,2015,2382
22025,2007,600
22025,2012,1350
22029,2004,11416
22029,2005,8949
22029,2006,6788
22029,2007,2100
22029,2008,5798
22029,2009,11416
22029,2010,5798
22029,2011,6293
22029,2012,8936
22029,2013,10396
22029,2014,4523
22029,2015,12406
22031,2004,12174
22031,2013,12900
22031,2014,14564
22039,2008,10176
22043,2004,1951
22043,2006,1360
22043,2007,604
22043,2008,604
22043,2009,604
22043,2010,604
22047,2004,9168
22049,2004,2454
22049,2005,3054
22049,2006,2058
22049,2009,324
22049,2010,936
22049,2011,900
22049,2012,576
22049,2013,921
22049,2014,1194
22049,2015,3435
22051,2014,8534
22059,2011,1584
22069,2004,11918
22069,2005,9933
22069,2006,8592
22069,2007,9462
22069,2009,981
22069,2013,2682
22069,2015,31770
22073,2009,26311
22073,2015,17949
22081,2007,4398
22081,2009,3900
22081,2010,3900
22081,2013,4458
22081,2014,4410
22081,2015,4410
22085,2004,16887
22085,2007,4557
22085,2008,2301
22085,2009,2301
22085,2010,3792
22085,2011,10794
22085,2015,19971
22087,2006,66000
22093,2004,21282
22093,2007,5600
22095,2006,91722
22095,2008,88020
22097,2012,2300
22101,2004,9748
22101,2009,17000
22101,2010,190
22101,2011,190
22107,2004,6732
22107,2006,4734
22107,2007,1824
22107,2008,1824
22107,2010,1824
22107,2011,1824
22107,2012,1824
22111,2009,6549
22111,2013,11001
22127,2004,13564
22127,2005,11051
22127,2007,2452
22127,2008,2726
22127,2009,1168
22127,2010,3656
22127,2011,3748
22127,2012,9485
22127,2013,4987
22127,2014,3342
22127,2015,7258
23001,2011,3285
23003,2002,27925
23003,2003,10914
23003,2007,2765
23003,2008,7142
23003,2010,388
23003,2015,2015
23003,2016,3600
23007,2006,1238
23007,2013,3115
23009,2011,3560
23013,2003,18185
23013,2004,586
23013,2005,586
23013,2006,586
23015,2004,1673
23015,2006,1673
23015,2008,1673
23015,2009,1673
23017,2002,1975
23017,2004,570
23017,2005,570
23017,2006,1201
23017,2009,570
23017,2011,570
23017,2012,679
23017,2014,425
23017,2015,145
23019,2006,3180
23021,2004,1688
23021,2005,3376
23021,2006,3376
23021,2008,5761
23021,2011,3410
23025,2002,3983
23025,2004,5043
23025,2005,6673
23029,2002,3740
24013,2015,1500
24015,2005,12534
24015,2006,12380
24015,2008,8862
24015,2011,2000
24015,2015,9344
24023,2006,3700
24023,2007,6700
24023,2011,3700
24025,2006,6200
24043,2002,88000
25013,2003,1500
25015,2000,28380
25015,2002,28380
25015,2003,28380
25015,2004,28380
25015,2005,28380
25021,2000,6521
25027,2011,33059
26005,2013,5930
26045,2015,680
27017,2006,1130
27017,2007,229
27017,2012,458
27017,2016,180
27065,2003,7362
27065,2004,7362
27067,2013,4187
27095,2015,600
27097,2010,351
27107,2013,1642
27115,2003,752
27137,2008,754
29001,2000,576
29003,2006,186
29007,1999,5058
29007,2008,2529
29007,2009,5058
29007,2014,5058
29011,2009,8850
29013,1999,15932
29013,2000,40308
29013,2001,17424
29013,2002,15932
29013,2003,17424
29013,2004,9224
29013,2005,1667
29013,2007,1742
29013,2008,4398
29013,2010,2984
29015,2015,480
29021,1999,144000
29023,2002,17700
29023,2009,17700
29025,2000,1490
29025,2001,5630
29025,2002,3230
29025,2003,3230
29025,2008,9116
29025,2009,6000
29037,1999,8628
29037,2000,14046
29037,2001,27368
29037,2002,8646
29037,2003,7368
29037,2004,6090
29037,2005,8534
29037,2006,5273
29037,2008,1642
29041,2006,427
29041,2007,607
29045,2001,320
29045,2003,320
29045,2008,640
29045,2009,640
29049,1999,5482
29049,2005,2741
29049,2008,8172
29049,2009,28648
29053,1999,16638
29053,2000,16638
29053,2001,16638
29053,2002,16638
29061,1999,2682
29061,2000,4975
29061,2001,2682
29061,2002,2682
29061,2003,1500
29061,2004,1500
29061,2006,2065
29061,2008,4384
29061,2009,4251
29061,2010,2091
29063,1999,2200
29063,2001,2200
29063,2002,2200
29063,2003,2200
29063,2004,2200
29075,1999,1061
29075,2000,3547
29075,2001,1061
29075,2002,1061
29075,2003,50
29075,2004,50
29075,2005,50
29075,2006,4136
29075,2008,4086
29075,2009,5821
29075,2014,2268
29079,2007,10815
29079,2009,13421
29079,2014,4771
29081,1999,9436
29081,2000,6276
29081,2001,2776
29081,2002,2776
29081,2003,2776
29081,2004,2776
29081,2005,4060
29081,2006,6460
29083,1999,29900
29083,2000,36156
29083,2001,32031
29083,2002,29900
29083,2003,11100
29083,2004,2700
29083,2014,469
29083,2015,11933
29089,1999,8988
29089,2000,10988
29089,2001,8988
29089,2002,6100
29089,2003,6100
29089,2004,3212
29089,2005,704
29093,1999,2940
29093,2000,2940
29093,2001,2940
29093,2003,2940
29093,2004,1470
29093,2005,1470
29093,2006,2940
29095,1999,2000
29095,2000,1000
29095,2003,2000
29095,2004,2000
29101,1999,4778
29101,2003,2389
29103,1999,2878
29103,2000,2878
29103,2001,2466
29107,1999,6860
29107,2001,9000
29107,2004,6860
29107,2008,7824
29107,2010,19536
29111,1999,2620
29111,2000,2055
29111,2001,3733
29111,2013,4107
29113,2000,900
29115,1999,10496
29115,2000,7281
29115,2001,14854
29115,2002,9562
29115,2003,4727
29115,2004,9183
29115,2005,10336
29115,2006,16276
29115,2007,11461
29115,2008,13351
29115,2009,13964
29117,2008,2666
29121,1999,24236
29121,2000,3182
29121,2001,2732
29121,2002,2732
29121,2003,1366
29121,2004,1366
29121,2008,222
29123,1999,8404
29123,2000,8404
29123,2001,8404
29123,2002,4202
29123,2003,4202
29123,2009,4202
29123,2013,4200
29123,2015,8000
29137,2007,2443
29137,2009,1529
29137,2013,2500
29139,1999,2880
29139,2000,2880
29139,2001,2880
29139,2002,2880
29139,2003,2880
29139,2004,2880
29139,2005,1440
29139,2006,2880
29139,2007,2880
29139,2008,2880
29139,2009,2880
29139,2010,2880
29139,2011,2880
29145,2007,46
29145,2008,46
29147,2000,450
29147,2009,17980
29155,2010,6800
29157,1999,7337
29157,2001,7337
29163,1999,7562
29163,2000,7562
29163,2014,3781
29165,1999,1144
29165,2000,9014
29165,2001,1144
29165,2002,1144
29165,2003,1144
29165,2008,533
29165,2009,2167
29169,2001,33000
29171,2015,7527
29173,2009,7756
29173,2013,8705
29175,1999,13741
29175,2000,13741
29175,2001,13741
29175,2008,13741
29175,2013,3126
29197,1999,796
29197,2001,3325
29197,2002,737
29199,2005,3914
29199,2013,3914
29205,2009,5756
29211,1999,3300
29211,2000,3300
29211,2001,1342
29211,2002,1342
29211,2003,1342
29211,2004,1342
29211,2007,2056
29227,2000,4826
29227,2001,3108
29227,2006,3272
29227,2009,3967
29227,2013,1954
29227,2014,1320
33007,2004,2450
33009,2007,1200
33009,2008,1200
33009,2009,1200
33009,2013,5500
33009,2015,3400
33019,2007,2082
34013,2003,273000
34013,2004,273000
34013,2005,45061
34021,2003,205000
34025,2009,85
34037,2005,2201
35007,2002,2300
35007,2005,6380
35007,2006,6380
35007,2007,7747
35007,2008,4530
35007,2009,4530
35007,2010,6910
35007,2011,4150
35007,2013,2420
35007,2014,6450
35007,2015,8450
35007,2016,7437
35015,2007,27000
35035,2003,1090
35045,2002,8788
35045,2003,522
35045,2006,7247
35045,2007,7445
35045,2008,882
35045,2009,522
35045,2011,14328
35045,2014,13826
35045,2016,460
36001,2002,120389
36001,2003,66500
36001,2004,165500
36001,2006,400
36001,2007,1012
36001,2016,5150
36011,2013,1800
36013,2012,302
36013,2013,302
36019,2004,7950
36019,2005,2550
36019,2006,6942
36019,2007,8535
36019,2008,5250
36019,2009,2700
36019,2011,5400
36019,2013,6090
36021,2001,15000
36021,2004,7500
36021,2006,15000
36021,2007,7500
36027,2000,47300
36027,2002,72500
36027,2004,44903
36027,2005,300
36027,2006,1294
36027,2007,600
36027,2008,300
36027,2010,1272
36027,2011,679
36027,2012,44114
36029,2007,180
36029,2010,90
36029,2012,603
36029,2014,3190
36029,2015,180
36029,2016,90
36031,2004,7133
36031,2005,6450
36031,2006,10154
36031,2007,2550
36031,2008,4850
36031,2009,2850
36031,2010,3280
36031,2011,5516
36031,2013,2650
36031,2014,2900
36031,2015,3150
36031,2016,1200
36033,2010,11000
36033,2012,11000
36033,2013,11000
36033,2014,11000
36033,2015,11000
36033,2016,11000
36039,2009,2601
36039,2010,5860
36041,2007,800
36041,2011,800
36043,2005,15212
36043,2009,2166
36043,2013,2048
36045,2007,38300
36045,2009,5500
36045,2010,6400
36045,2011,32105
36045,2012,3744
36045,2016,795
36049,2004,4850
36049,2006,4000
36049,2007,700
36049,2009,4350
36049,2010,5550
36049,2011,4700
36049,2012,350
36049,2014,350
36049,2015,350
36049,2016,4350
36057,2002,2400
36057,2003,2400
36057,2005,41800
36057,2006,23500
36057,2007,42550
36057,2008,3550
36057,2009,21850
36057,2010,24132
36065,2005,8151
36065,2006,42
36065,2010,8197
36065,2012,1925
36065,2014,1967
36065,2016,3192
36069,2013,2950
36071,2011,28350
36071,2016,3111
36073,2012,2150
36075,2004,154
36075,2005,2358
36075,2006,150
36075,2007,50
36083,2006,964
36091,2004,2510
36091,2005,2598
36091,2006,8200
36091,2007,499
36091,2008,2372
36091,2009,300
36091,2010,39745
36091,2011,2800
36091,2012,6500
36091,2013,19198
36091,2016,10454
36093,2005,856
36093,2006,856
36093,2016,428
36095,2009,1122
36095,2010,1186
36095,2011,1186
36095,2012,1186
36089,2005,3145
36089,2007,9590
36089,2010,9590
36101,2015,300
36105,2005,400
36105,2006,400
36109,2002,63457
36109,2004,72
36109,2005,447
36109,2006,180
36115,2003,5600
36115,2005,5600
36115,2006,5600
36115,2007,5600
36119,2006,322
36119,2011,6000
36121,2004,9345
36121,2005,6645
36121,2006,3945
36121,2008,3945
36121,2009,7890
36121,2010,140
36121,2015,740
37001,2010,2780
37031,2011,2478
37031,2012,10666
37031,2013,108
37033,2013,2716
37037,2010,9502
37049,2014,34
37065,2011,32993
37071,2013,5498
37077,2013,10467
37081,2012,6056
37083,2010,5768
37083,2011,8771
37083,2012,7834
37083,2014,5752
37089,2010,178
37105,2010,90576
37125,2010,4886
37125,2012,2443
37125,2013,4951
37125,2014,5534
37127,2011,5200
37129,2011,12102
37129,2014,14235
37141,2011,6131
37141,2012,6976
37141,2013,11897
37141,2014,5606
37151,2010,5991
37151,2011,5991
37151,2012,5120
37151,2013,2400
37153,2012,1497
37161,2013,220
37167,2013,4610
37187,2012,1240
41005,2014,1700
41005,2015,7210
41005,2016,200
41007,2005,18353
41007,2007,10473
41007,2008,110
41007,2009,220
41007,2010,2920
41007,2014,315
41007,2016,315
41009,2011,70
41009,2014,70
41009,2016,230
41011,2002,6656
41011,2005,505
41011,2006,80
41011,2007,4289
41011,2009,4630
41011,2014,54
41011,2015,88
41011,2016,29
41019,2006,195
41019,2007,75
41019,2014,1990
41019,2015,1795
41019,2016,75
41039,2014,185
41041,2002,50
41041,2008,350
41041,2009,100
41057,2013,4300
42009,2003,5127
42009,2011,114
42011,2004,44
42011,2014,5353
42019,2002,10473
42021,2002,27765
42021,2007,10290
42021,2010,10690
42021,2011,8690
42021,2012,5490
42021,2013,5490
42021,2015,21855
42021,2016,6396
42023,2007,258
42027,2007,780
42029,1999,35600
42029,2004,45500
42029,2006,2907
42033,2003,456
42033,2004,10356
42033,2005,450
42033,2006,450
42033,2009,450
42033,2010,912
42033,2011,11056
42033,2013,5412
42033,2015,4500
42035,2005,425
42039,2016,45
42041,2005,4658
42043,2011,3225
42043,2016,6300
42047,2009,1763
42047,2011,1763
42049,2002,4313
42049,2008,7246
42049,2009,3623
42049,2010,3623
42051,2005,2594
42051,2008,360
42051,2009,5505
42051,2011,2594
42051,2012,2594
42051,2015,11694
42055,2007,1376
42059,2004,200
42061,2011,815
42063,2000,23922
42063,2003,4570
42063,2008,1353
42063,2009,300
42063,2010,6508
42063,2011,813
42063,2012,260
42063,2014,112
42063,2016,1900
42065,2008,1870
42065,2009,6000
42065,2010,2940
42065,2011,1750
42065,2013,250
42079,2011,40620
42085,2003,17200
42085,2004,9958
42085,2005,5979
42085,2006,11458
42085,2007,11458
42085,2008,2000
42085,2009,11458
42085,2011,500
42085,2015,500
42089,2004,25000
42093,2015,190
42107,2004,19000
42107,2014,9500
42111,2008,3800
42111,2009,1180
42111,2012,879
42111,2014,879
42117,2003,798
42117,2005,798
42117,2009,3000
42121,2013,999
42129,2002,12000
42129,2010,40
45003,2014,14615
45035,2009,68
45035,2011,62
45039,2004,950
45071,2006,2755
45077,2012,6050
45081,2011,1664
49007,2008,1800
49007,2009,8010
49015,2008,973
49047,2015,9800
49057,2015,750
50001,2003,7400
50001,2009,8960
50001,2010,3700
50003,2002,13085
50003,2003,13085
50003,2004,250
50003,2005,13085
50003,2006,13085
50003,2008,880
50003,2011,880
50005,2006,176
50005,2013,176
50007,2003,2000
50007,2004,1000
50007,2005,1000
50007,2006,1060
50007,2007,1000
50007,2008,1000
50007,2009,2000
50007,2010,1000
50007,2011,2000
50007,2013,301
50007,2015,301
50011,2005,1700
50013,2002,3564
50013,2003,750
50013,2004,2152
50013,2005,1564
50013,2006,5103
50013,2007,2804
50013,2008,2767
50013,2010,1489
50013,2011,2767
50013,2014,174
50013,2015,760
50017,2008,960
50017,2009,480
50021,2003,18713
50021,2004,4000
50021,2006,20849
50021,2007,20849
50021,2008,20849
50021,2009,20849
50021,2010,20849
50021,2011,22500
50021,2012,4000
50021,2013,4184
50021,2014,4029
50023,2008,367
53019,2014,200
53019,2015,200
53019,2016,200
53041,2012,200
53049,2004,3789
53049,2005,6005
53049,2007,6005
53049,2008,2970
53049,2009,7831
53049,2010,6005
53049,2011,2970
53049,2012,5940
53049,2016,70
53055,2014,406
53055,2015,498
53055,2016,265
54001,2005,2484
54001,2006,595
54001,2007,126
54003,2002,44792
54003,2004,22396
54003,2007,22396
54007,2004,9564
54007,2005,1312
54007,2006,1312
54007,2007,4944
54009,2004,2186
54009,2005,2426
54009,2007,25120
54011,2004,4883
54013,2005,841
54013,2016,1392
54015,2004,1341
54015,2006,4217
54015,2007,1900
54015,2008,2024
54015,2013,2103
54019,2000,2379
54019,2004,2208
54019,2005,2208
54019,2007,1379
54019,2008,2606
54019,2009,96
54019,2013,96
54019,2015,2208
54023,2003,2841
54023,2004,4144
54023,2006,4135
54025,2000,12730
54025,2002,20100
54027,2004,2123
54027,2007,1948
54029,2005,1155
54029,2006,2310
54031,2004,750
54031,2006,244
54031,2013,300
54031,2014,300
54031,2015,300
54033,2005,3300
54035,2004,10561
54035,2005,10966
54035,2006,5483
54035,2007,10966
54035,2008,16044
54035,2010,5483
54035,2013,5483
54035,2014,5608
54035,2015,250
54037,2000,14488
54037,2006,4000
54037,2007,14488
54037,2009,14488
54039,2002,2155
54039,2003,650
54039,2004,1715
54039,2007,1154
54039,2009,650
54039,2010,1090
54039,2011,1090
54039,2015,975
54041,2004,2548
54041,2005,2548
54045,2002,2016
54045,2006,1008
54049,2002,2076
54049,2004,2532
54049,2005,6630
54049,2007,882
54049,2009,1059
54049,2012,2076
54049,2013,3887
54049,2014,4721
54049,2015,1640
54047,2003,1226
54047,2007,1954
54047,2008,3843
54047,2016,222
54055,2002,8068
54055,2003,375
54055,2004,6135
54055,2005,11550
54055,2006,6335
54055,2009,6135
54055,2011,6135
54055,2013,6335
54055,2014,6335
54057,2004,544
54057,2005,1943
54057,2006,425
54057,2014,2965
54059,2014,60
54059,2016,1634
54061,2007,282
54067,2004,5593
54067,2006,547
54071,2005,250
54071,2012,54
54075,2000,115
54075,2003,115
54075,2004,1638
54075,2006,28
54075,2009,353
54075,2016,230
54077,2005,4222
54077,2006,741
54077,2007,3044
54077,2010,686
54077,2013,908
54081,1999,49058
54081,2004,49058
54081,2006,50048
54081,2008,2680
54081,2013,4191
54083,2004,3130
54083,2014,1444
54085,2004,3537
54085,2005,3943
54087,2002,8852
54087,2003,764
54087,2004,3850
54087,2005,3087
54087,2006,398
54087,2008,1925
54087,2011,1162
54087,2012,398
54087,2014,2323
54087,2015,1162
54087,2016,764
54089,2007,1338
54093,2004,2926
54093,2005,1622
54093,2006,707
54093,2007,887
54093,2010,707
54093,2011,707
54093,2014,887
54095,2003,1892
54095,2004,1892
54095,2006,1892
54095,2012,1325
54097,2006,2928
54099,2007,9301
54099,2008,10178
54101,2007,756
54101,2015,85
54103,2004,593
54105,2006,197
54105,2007,1795
54105,2008,197
54105,2009,394
54105,2011,394
54109,2004,3432
54109,2006,115
54109,2007,123
54109,2011,2945
55009,2004,650
55015,2004,2819
55031,2004,120
55031,2005,95
55031,2014,95
55073,2004,2096
55075,2007,1606
55075,2008,803
55075,2010,803
55075,2014,350
55091,2004,1968
08001,2006,2700
08001,2013,275
08003,2015,85
08013,2007,1100
08013,2013,900
08029,2011,1120
08035,2007,1000
08037,2005,50
08037,2007,50
08041,2013,18343
08045,2004,45
08045,2005,45
08045,2006,2400
08045,2008,45
08045,2010,45
08045,2013,37
08045,2014,142
08049,2006,1200
08051,2009,200
08051,2015,300
08051,2016,100
08055,2013,4406
08075,2013,13794
08077,2011,50
08083,2005,125
08083,2007,125
08089,2014,1200
08091,2004,304
08091,2007,304
08091,2016,304
08113,2006,1700
08113,2008,1700
08113,2009,1700
08119,2004,434
08119,2014,250
08123,2004,7100
08123,2012,2439
08123,2016,480
09001,2003,40256
09003,2001,680
09003,2012,680
09007,2000,81
12001,2006,650
12001,2012,650
12005,2001,65167
12005,2005,4758
12005,2012,4317
12009,2005,1237
12009,2013,782
12011,2003,4481
12011,2012,4481
12011,2014,4481
12011,2015,1900
12015,1999,5562
12015,2001,128967
12015,2013,44
12017,2000,7194
12017,2001,7194
12017,2002,7194
12017,2003,7257
12017,2005,100
12017,2012,6495
12017,2013,5617
12017,2014,6005
12021,1999,28484
12021,2001,26837
12021,2002,26837
12021,2003,26837
12021,2008,1200
12023,2003,17755
12023,2008,550
12023,2014,550
12027,2003,202
12027,2005,9144
12027,2006,8942
12027,2007,8942
12027,2008,8942
12029,2002,920
12029,2003,3770
12031,2012,7270
12031,2014,150
12035,2003,4823
12035,2009,2792
12037,2011,4710
12037,2012,4362
12037,2013,4362
12037,2014,4362
12037,2015,4362
12037,2016,4710
12043,1999,3735
12043,2000,3735
12043,2001,3735
12043,2002,3735
12043,2006,1613
12043,2012,880
12045,2004,12992
12045,2005,12992
12045,2007,12992
12045,2008,12992
12045,2009,12992
12045,2010,12992
12051,1999,8440
12051,2000,4632
12051,2004,8710
12051,2005,4632
12051,2009,596
12051,2014,3808
12051,2015,3808
12053,2005,400
12055,1999,168
12055,2011,2000
12057,1999,10774
12069,2005,1967
12071,2010,620
12071,2011,620
12071,2014,312
12075,2003,1500
12075,2009,300
12075,2016,1500
12083,2016,1500
12085,2001,77695
12086,2012,7921
12086,2013,2100
12089,2007,171
12089,2010,90
12093,2001,20518
12093,2002,418
12093,2008,2050
12093,2010,450
12093,2011,350
12095,1999,57589
12095,2016,9954
12097,2000,16589
12097,2001,16589
12097,2002,40670
12097,2009,85
12097,2013,3290
12097,2014,220
12097,2016,94
12099,1999,128000
12099,2000,133018
12099,2001,142098
12099,2003,142296
12099,2009,3505
12101,2000,29120
12101,2001,29000
12101,2002,29000
12103,1999,426548
12103,2000,440490
12103,2001,169488
12103,2005,5299
12103,2009,5299
12103,2010,5299
12103,2012,110000
12103,2015,368
12105,2013,14998
12105,2016,4249
12107,1999,11900
12107,2001,11900
12107,2005,13157
12107,2006,11900
12107,2007,11900
12107,2009,12785
12107,2011,375
12115,2002,39743
12115,2006,434
12115,2007,39743
12115,2008,377
12117,1999,51660
12117,2005,4109
12117,2006,3863
12117,2009,3863
12117,2011,4656
12117,2014,1476
12117,2016,34657
12109,2002,26233
12109,2006,3295
12109,2009,5263
12109,2010,153
12109,2011,465
12111,2000,1125
12111,2001,3781
12111,2002,120
12111,2003,6371
12111,2015,87
12111,2016,87
12119,2004,216
12119,2005,216
12119,2007,216
12119,2014,216
12119,2016,824
12121,2008,200
12127,1999,190
12127,2000,390
12127,2001,17175
12127,2002,16975
12127,2003,16785
12127,2012,14000
12127,2013,971
12127,2014,971
12127,2015,394
12129,2007,6339
12129,2015,346
19001,2005,1840
19001,2007,1648
19001,2012,408
19003,2004,2049
19003,2005,2049
19015,2004,3970
19015,2005,73
19015,2012,73
19021,2007,711
19049,2004,9015
19049,2011,1024
19049,2012,58
19049,2015,1466
19051,2012,2640
19053,2006,204
19057,2004,11364
19057,2005,4269
19057,2010,318
19057,2012,1560
19059,2004,4933
19059,2009,103
19067,2013,1431
19073,2009,557
19111,2004,1200
19117,2000,4321
19117,2001,4321
19117,2002,4321
19117,2003,4321
19117,2006,4321
19121,2000,5190
19121,2002,5190
19121,2003,5190
19121,2004,6369
19121,2005,1179
19121,2006,5884
19121,2012,485
19129,2009,5740
19129,2010,5740
19129,2012,5740
19145,2005,2355
19145,2009,193
19145,2015,193
19145,2016,159
19153,2004,895
19153,2005,895
19153,2006,8246
19153,2007,787
19153,2008,2152
19153,2011,201
19153,2012,6398
19153,2014,6050
19155,2008,3785
19155,2011,3785
19159,2000,1691
19159,2001,1691
19163,2010,1778
19169,2008,1183
19173,1999,1485
19173,2005,415
19173,2006,415
19181,2004,616
19181,2005,616
19181,2012,127
20003,2007,1319
20003,2015,1200
20005,2013,3085
20007,2016,1988
20011,2016,268
20015,2005,9203
20017,2007,369
20017,2012,46
20019,2007,135
20021,2002,4785
20021,2004,4124
20021,2005,4785
20021,2007,4300
20021,2016,4028
20029,2006,484
20031,2016,7453
20035,2016,4400
20037,2005,20398
20037,2012,20398
20041,2002,2449
20041,2004,2449
20041,2007,174
20041,2008,2449
20041,2011,2449
20041,2013,2449
20041,2014,2978
20041,2015,2933
20041,2016,515
20043,2007,437
20043,2015,604
20051,2008,2090
20051,2014,2090
20051,2016,2064
20053,2005,2626
20053,2006,2626
20053,2009,2626
20059,2006,3422
20059,2007,547
20059,2008,462
20059,2016,1642
20061,2009,598
20061,2011,598
20061,2016,808
20063,2014,82
20063,2015,80
20077,2005,174
20085,2003,10
20085,2006,186
20087,2011,2360
20089,2007,491
20089,2015,424
20089,2016,63
20091,2007,5911
20091,2008,5911
20099,2010,182
20099,2012,182
20103,2004,12934
20103,2005,3500
20103,2015,1785
20103,2016,384
20105,2016,68
20107,2016,2374
20111,2007,450
20115,2007,234
20121,2013,5630
20123,2002,1291
20123,2004,7185
20123,2005,3800
20123,2006,1693
20123,2008,3800
20123,2010,3339
20123,2012,3339
20123,2013,3339
20123,2014,4191
20123,2015,4137
20123,2016,5426
20131,2004,2568
20133,2003,9255
20133,2016,1332
20135,2004,29
20135,2007,29
20137,2002,2880
20137,2004,2880
20137,2014,2880
20139,2015,369
20139,2016,3567
20141,2004,1416
20141,2007,1471
20141,2008,1416
20141,2014,55
20141,2015,404
20141,2016,99
20147,2004,2541
20147,2005,2541
20147,2016,2524
20149,2002,2677
20163,2011,1327
20163,2013,1902
20167,2002,4475
20167,2006,516
20167,2007,139
20167,2010,90
20169,2003,80
20169,2006,615
20169,2013,843
20185,2010,1262
20191,2006,495
21015,2010,355
21017,2010,1149
21019,2011,44402
21019,2013,23736
21019,2014,342
21025,2014,100
21033,2013,6000
21049,2005,30707
21057,2013,7099
21057,2014,7099
21071,2008,21512
21071,2010,21512
21071,2013,2132
21071,2014,1167
21071,2015,23647
21071,2016,1167
21081,2013,3139
21081,2016,3139
21087,2010,2396
21089,2010,7425
21089,2012,12193
21089,2013,7605
21091,2006,2780
21095,2008,1485
21095,2010,3478
21095,2014,389
21095,2015,983
21095,2016,389
21101,2016,1500
21107,2005,2228
21107,2006,2228
21107,2014,8427
21107,2015,9841
21107,2016,9841
21109,2008,1990
21113,2016,6831
21117,2007,312
21117,2008,312
21119,2006,2106
21119,2014,2106
21119,2016,300
21133,2007,2673
21133,2008,2673
21139,2016,3742
21141,2013,3119
21151,2011,1200
21153,2013,10294
21159,2010,10395
21159,2015,10843
21149,2009,2168
21149,2011,2168
21163,2004,2109
21167,2005,12572
21175,2013,7502
21181,2008,2779
21183,2010,3119
21189,2008,5495
21189,2010,5495
21191,2012,980
21193,2012,26136
21195,2012,48518
21195,2014,10692
21195,2016,12700
21225,2007,3677
21225,2008,3677
21225,2009,3677
21225,2010,3677
21225,2011,3677
21225,2013,6590
21225,2014,8354
21225,2015,1496
21225,2016,1496
21227,2012,66659
21233,2007,5010
21233,2008,5010
21233,2012,5010
21233,2014,1654
21235,2013,2780
21235,2014,321
22001,2004,3309
22001,2005,19000
22001,2006,3309
22001,2007,3309
22003,2005,2925
22003,2009,2925
22003,2014,7063
22005,2002,10398
22005,2003,10398
22005,2006,948
22005,2009,7950
22005,2015,2142
22007,2002,22862
22007,2007,22862
22007,2010,22862
22007,2013,22862
22009,2008,2667
22009,2010,1881
22009,2014,915
22015,2007,1218
22015,2011,3135
22015,2012,2733
22015,2013,2554
22015,2014,5581
22015,2015,5581
22017,2002,11700
22017,2003,11955
22017,2005,804
22017,2006,1387
22017,2008,1170
22017,2011,1760
22017,2013,4935
22023,2008,367
22023,2010,367
22023,2011,367
22023,2014,2348
22023,2015,972
22025,2008,600
22027,2004,441
22027,2005,930
22027,2006,930
22027,2014,489
22031,2005,840
22031,2006,840
22031,2008,840
22031,2011,840
22037,2007,9957
22039,2004,9911
22039,2005,2514
22039,2006,3615
22039,2007,2514
22039,2010,2514
22039,2012,1101
22039,2013,1131
22043,2005,1347
22043,2011,3378
22043,2012,302
22043,2013,302
22043,2014,302
22043,2015,2174
22045,2007,1472
22049,2007,2532
22049,2008,1050
22051,2002,28475
22053,2015,1128
22059,2004,450
22059,2008,450
22059,2013,2250
22059,2014,792
22059,2015,1206
22057,2002,15810
22061,2007,1500
22061,2008,4230
22061,2013,1218
22061,2014,4230
22061,2015,1218
22067,2011,801
22067,2013,801
22067,2014,801
22067,2015,801
22069,2008,7500
22069,2010,1341
22069,2014,458
22073,2002,9017
22073,2003,29915
22073,2004,50985
22073,2005,74256
22073,2006,50974
22073,2007,35296
22073,2008,28070
22073,2010,2678
22073,2011,4364
22073,2012,17866
22073,2013,3150
22073,2014,3891
22075,2006,10322
22075,2012,1400
22079,2005,3405
22081,2012,2229
22083,2014,4842
22083,2015,4842
22085,2005,4260
22085,2006,4415
22085,2012,9108
22085,2013,6855
22085,2014,10089
22093,2006,2800
22093,2008,2800
22093,2010,2800
22093,2013,6120
22093,2014,9392
22095,2002,44010
22095,2003,44010
22095,2004,44010
22095,2005,44010
22095,2007,44010
22095,2009,44010
22095,2010,495
22095,2014,12577
22095,2015,495
22097,2004,1785
22097,2010,2300
22097,2013,327
22097,2015,327
22101,2007,17848
22101,2014,400
22101,2015,400
22103,2004,328
22103,2010,328
22109,2002,21993
22111,2002,1635
22111,2004,10596
22111,2005,14952
22111,2006,15993
22111,2007,16162
22111,2008,5301
22111,2010,5571
22111,2011,11757
22111,2012,8721
22111,2014,12555
22111,2015,14403
22113,2002,15450
22113,2007,5600
22113,2012,1544
22113,2015,1544
22117,2013,3150
22119,2009,930
22119,2015,930
22127,2006,9637
23003,2009,3544
23003,2011,308
23003,2012,225
23003,2013,225
23007,2011,3095
23009,2007,2380
23009,2008,2380
23013,2009,1100
23013,2010,1100
23017,2003,378
23017,2007,285
23019,2011,7590
23019,2012,5318
23029,2004,1870
23029,2007,1870
23029,2008,1870
24001,2008,68
24015,2004,5190
24015,2007,8862
24015,2014,100
24023,2004,1850
24023,2005,1850
24023,2010,1850
24031,1999,46500
24031,2002,46500
24039,2012,2900
24039,2013,2900
24043,2011,1360
24043,2013,2500
24043,2014,3860
24045,2004,625
24045,2009,625
24045,2010,625
24045,2011,625
24045,2012,625
24047,2007,1000
25003,2002,12700
25005,1999,96856
25005,2002,26172
25005,2004,2000
25005,2005,2000
25005,2006,6623
25005,2010,250
25005,2012,18633
25009,1999,30273
25009,2000,54173
25009,2004,23900
25011,2000,1491
25011,2006,60
25013,2001,16524
25013,2002,750
25013,2005,15774
25013,2006,1600
25013,2009,750
25013,2010,750
25017,2008,30762
25021,2004,6521
25023,2013,64804
25027,2012,3300
25027,2015,3332
26005,2015,77
26017,2013,9593
26017,2014,2420
26017,2015,1220
26041,2016,95
26091,2016,399
26105,2016,10
26125,2013,11055
26139,2015,41272
26145,2013,8865
26159,2013,4403
27009,2005,13083
27019,2016,4000
27067,2003,3716
27067,2010,1150
27067,2015,2687
27089,2006,690
27089,2007,76
27089,2008,690
27089,2009,952
27089,2012,76
27089,2013,3625
27089,2015,310
27089,2016,952
27097,2008,351
27105,2016,376
27129,2005,1157
27137,2010,377
27137,2012,377
27137,2015,485
27163,2009,120
29003,2001,6303
29003,2009,1530
29003,2014,1279
29003,2015,1419
29003,2016,140
29005,2000,726
29005,2011,1957
29005,2012,2309
29007,2011,2529
29007,2012,2529
29011,1999,4425
29011,2015,4659
29013,2006,2199
29013,2009,1492
29013,2015,946
29019,2001,100733
29019,2002,100733
29019,2007,100733
29019,2014,275
29025,2012,415
29025,2015,1125
29033,2015,1019
29037,2007,1278
29037,2009,4200
29037,2010,1642
29037,2011,1642
29037,2012,1642
29037,2015,2812
29037,2016,5852
29041,1999,207
29041,2015,207
29041,2016,450
29047,2008,2400
29047,2009,5446
29047,2014,1620
29047,2015,194
29047,2016,194
29049,2013,3960
29049,2015,3380
29053,2003,8319
29053,2004,8319
29053,2005,8319
29053,2006,355
29053,2007,2806
29053,2008,205
29053,2014,205
29053,2015,8524
29053,2016,8524
29061,2005,1341
29061,2007,1341
29061,2015,206
29061,2016,85
29063,2000,1580
29063,2005,1100
29063,2007,1100
29063,2008,1100
29063,2010,1100
29063,2011,1100
29063,2012,1170
29063,2013,1170
29063,2014,1170
29063,2016,1104
29075,2012,25
29075,2013,800
29075,2015,1400
29079,2001,6001
29079,2006,4264
29079,2008,3985
29079,2010,6001
29079,2011,6001
29079,2012,6001
29079,2015,494
29081,2007,900
29081,2009,4400
29081,2015,870
29083,2008,185
29083,2009,185
29083,2011,185
29083,2012,185
29083,2013,3510
29089,2006,279
29089,2009,1089
29089,2015,2800
29095,2001,1000
29095,2005,1000
29095,2015,1000
29099,2000,4010
29099,2006,9000
29099,2007,9000
29099,2010,25
29101,2014,170
29107,2000,12129
29107,2002,4500
29107,2003,4500
29107,2005,4500
29107,2006,8498
29107,2009,8195
29107,2011,4818
29107,2012,5300
29107,2013,12857
29107,2014,8891
29107,2015,8397
29107,2016,7205
29111,2009,2337
29111,2011,2337
29111,2012,2337
29111,2016,1102
29115,2011,467
29115,2014,345
29115,2015,278
29117,1999,1333
29117,2000,1320
29117,2015,1844
29121,2006,827
29121,2007,668
29121,2015,762
29127,2011,17456
29127,2012,17456
29127,2014,17456
29129,2006,408
29129,2008,408
29129,2012,1166
29129,2015,318
29137,1999,2443
29137,2001,2443
29147,2004,12900
29147,2006,390
29147,2007,225
29147,2008,5080
29147,2014,227
29147,2015,171
29147,2016,165
29159,2014,1263
29159,2015,1263
29159,2016,1263
29163,2010,3781
29163,2012,3781
29163,2015,4036
29165,2015,2119
29171,1999,2100
29171,2006,3397
29171,2009,2997
29171,2013,2997
29171,2016,5262
29173,2006,6755
29173,2007,6755
29173,2008,6755
29173,2010,6755
29173,2014,6755
29173,2015,6755
29175,2015,529
29177,2015,2315
29195,2006,4032
29195,2007,3233
29195,2008,4332
29195,2009,5292
29195,2014,4910
29195,2015,18845
29195,2016,18029
29201,2012,4591
29205,2013,552
29205,2015,997
29185,2015,1127
29211,2006,269
29213,2001,8502
29227,2008,859
29227,2010,225
29227,2012,200
29227,2016,200
33001,2004,600
33001,2005,600
33001,2006,600
33001,2008,600
33005,2009,1250
33009,2012,1700
33011,2005,2000
33019,2005,5000
34003,2002,29786
34003,2006,18925
34005,1999,9835
34005,2000,9835
34005,2003,9835
34005,2004,9835
34005,2011,9835
34013,2009,12300
34013,2011,45061
34019,2006,3900
34021,2004,205000
34023,2010,9894
34023,2011,9894
34025,2004,4300
34025,2005,2800
34025,2010,2800
34025,2012,286
34031,1999,327475
34031,2001,12575
34031,2002,327475
34031,2011,1132
34037,2011,2201
34037,2015,2201
34037,2016,2201
35005,2016,263
35007,2012,2285
35039,2003,240
35045,2005,360
35045,2015,458
35047,2002,450
35047,2003,450
35047,2005,450
35047,2006,450
35047,2008,450
36001,2008,4500
36001,2009,31000
36001,2012,31000
36001,2013,13789
36001,2014,495
36003,2016,1130
36011,2004,2290
36011,2005,1820
36011,2006,52
36011,2007,2144
36011,2009,1232
36011,2010,872
36011,2011,872
36011,2012,872
36011,2015,1272
36013,2004,4000
36013,2010,3740
36013,2011,1364
36013,2014,758
36017,2015,350
36019,2003,2700
36019,2010,2700
36019,2014,150
36021,2002,7500
36025,2007,142
36025,2008,142
36027,2001,43000
36027,2013,364
36027,2014,364
36029,2006,5130
36029,2013,90
36031,2012,600
36033,2011,5500
36037,2004,72
36037,2014,875
36039,2011,2000
36039,2013,2000
36039,2015,10000
36041,2001,90
36041,2002,90
36041,2003,90
36041,2004,490
36041,2006,400
36041,2008,400
36041,2009,400
36041,2012,400
36043,2002,8610
36043,2003,7606
36043,2004,7606
36043,2006,7606
36043,2007,8630
36043,2014,80
36043,2015,1129
36045,2003,1300
36045,2013,5205
36045,2014,5180
36045,2015,1170
36049,2013,350
36051,2002,5935
36051,2003,3087
36051,2004,3915
36051,2005,2253
36051,2006,2253
36051,2008,9853
36051,2009,1662
36051,2010,2494
36051,2011,2645
36051,2013,220
36051,2014,11745
36053,2004,600
36057,2004,21100
36057,2011,3432
36057,2013,3000
36065,2001,1155
36065,2002,2672
36065,2003,2672
36065,2004,4382
36065,2007,450
36069,2006,2341
36069,2009,3425
36069,2014,3169
36069,2015,2175
36069,2016,180
36071,2010,851
36071,2012,1850
36071,2013,1110
36071,2014,10426
36073,2014,1200
36075,2010,2138
36077,2005,1200
36077,2009,1200
36077,2016,1200
36079,2001,1600
36079,2003,1656
36079,2014,103
36083,2005,482
36083,2008,575
36083,2011,752
36083,2012,752
36083,2013,17102
36083,2014,752
36093,2004,428
36093,2014,428
36093,2015,428
36095,2001,561
36095,2003,561
36095,2007,561
36095,2008,561
36095,2013,593
36095,2015,593
36097,2005,180
36097,2006,180
36097,2007,155
36097,2008,180
36097,2009,155
36097,2012,2350
36097,2014,201
36097,2015,201
36097,2016,98
36099,2011,1200
36099,2014,1362
36099,2015,990
36099,2016,990
36089,2002,4263
36089,2004,6613
36089,2006,330
36089,2013,350
36089,2014,350
36101,2008,488
36101,2009,488
36101,2010,300
36101,2014,1178
36101,2016,1400
36105,2007,500
36105,2011,902
36105,2012,902
36111,2012,470
36111,2014,470
36113,2002,13000
36113,2006,305
36113,2008,180
36113,2012,125
36115,2002,2800
36115,2004,2800
36115,2016,2800
36117,2001,3695
36117,2003,2920
36117,2014,339
36119,2012,892
36119,2013,956
36119,2014,892
36121,2012,650
36121,2013,150
36121,2014,140
36121,2016,590
36123,2002,5248
36123,2004,5248
36123,2005,5248
36123,2009,860
36123,2010,748
36123,2011,860
36123,2014,700
36123,2015,700
36123,2016,460
37001,2011,2068
37013,2012,571
37033,2012,2716
37037,2011,3308
37041,2014,5500
37047,2012,338
37047,2013,443
37049,2010,6350
37055,2013,1434
37055,2014,1506
37061,2011,980
37065,2012,10163
37069,2010,1161
37069,2011,2700
37069,2012,1171
37069,2013,125
37069,2014,4133
37071,2011,5429
37077,2014,438
37081,2011,6007
37083,2013,3096
37101,2011,3322
37101,2012,1256
37101,2013,150
37123,2013,3216
37129,2012,99
37131,2010,1384
37143,2012,249
37143,2013,249
37145,2012,12504
37157,2011,12880
37157,2014,1562
37167,2011,719
37167,2012,628
37169,2010,368
37185,2010,850
37185,2011,850
37185,2012,8725
37185,2013,850
37185,2014,923
37187,2013,620
37187,2014,620
37197,2011,152
37197,2014,7441
41001,2004,170
41001,2005,170
41003,2005,690
41003,2007,690
41003,2008,690
41003,2009,690
41003,2014,41
41007,2002,110
41007,2006,110
41011,2004,425
41011,2008,650
41011,2013,27
41015,2004,600
41015,2005,1190
41015,2016,80
41019,2003,8000
41019,2013,75
41041,2014,150
41041,2016,72
41053,2003,976
41053,2004,976
41053,2006,976
41057,2005,1900
41057,2009,750
41057,2011,2600
41071,2004,1800
41071,2005,3790
41071,2008,2235
41071,2009,99
42003,1999,48663
42003,2000,9237
42003,2002,10142
42003,2003,3683
42003,2004,3683
42003,2005,5832
42003,2008,17351
42003,2009,3543
42003,2010,8075
42003,2011,4595
42003,2013,7354
42003,2015,1459
42005,2002,5849
42005,2003,825
42005,2005,6674
42005,2006,5849
42005,2007,825
42005,2008,825
42005,2009,825
42005,2010,1725
42005,2011,825
42005,2013,6200
42007,2000,1549
42007,2001,1549
42007,2002,1769
42007,2004,200
42007,2005,6064
42007,2006,2490
42007,2007,220
42007,2008,2290
42007,2009,53764
42007,2010,9883
42007,2011,2400
42007,2012,2600
42007,2015,2776
42007,2016,3275
42015,2007,265
42019,2000,7100
42019,2003,2400
42019,2005,2400
42019,2013,210
42021,2004,5215
42021,2005,2250
42021,2008,2250
42021,2009,4290
42021,2014,2290
42031,2006,1300
42031,2010,450
42031,2011,2305
42031,2015,40
42033,2002,3576
42033,2012,456
42043,2009,6229
42043,2014,6229
42043,2015,6229
42047,2006,1763
42049,2013,3623
42051,2002,2594
42051,2003,2594
42051,2010,275
42051,2013,95
42051,2016,95
42055,2002,2350
42059,2002,4700
42059,2007,1500
42059,2008,200
42059,2009,1500
42059,2010,6400
42059,2011,200
42059,2013,200
42059,2015,1500
42059,2016,2933
42063,2015,350
42065,2001,10301
42065,2002,2908
42065,2003,1500
42065,2006,370
42073,1999,2800
42073,2000,3600
42073,2003,800
42073,2004,800
42073,2007,53
42075,2003,2385
42085,2002,4729
42089,2001,12500
42093,2006,95
42111,2002,1180
42117,2002,3000
42125,2002,11970
42125,2004,765
42125,2005,2015
42125,2006,1195
42125,2007,1195
42125,2008,10530
42125,2009,620
42125,2010,620
42125,2012,2450
42125,2013,12100
42125,2014,10100
42125,2015,11350
42125,2016,11370
45001,2013,5200
45007,2013,6693
45019,2016,37
45025,2004,2888
45035,2004,6986
45039,2007,950
45039,2011,950
45039,2012,950
45043,2005,434
45043,2006,946
45043,2007,964
45051,2004,10324
45063,2013,1923
45065,2013,8500
45081,2014,3271
45087,2004,7208
45087,2010,3167
45087,2011,25939
45087,2012,11267
45087,2013,2870
45089,2014,3201
45089,2015,4616
45091,2004,5912
45091,2005,5912
45091,2013,2670
45091,2014,700
45091,2015,700
49009,2005,185
49009,2014,500
49013,2007,63
49051,2002,435
49053,2007,520
50001,2013,180
50003,2012,105
50005,2003,5654
50005,2004,5654
50005,2005,5284
50005,2008,176
50013,2016,300
50015,2009,2960
53019,2004,100
53019,2006,100
53029,1999,62
53033,2000,19602
53049,2006,3035
53049,2015,1405
53055,1999,5414
53055,2000,3190
53055,2001,3190
53055,2002,5598
53055,2008,705
53055,2010,3455
53055,2011,128
53055,2012,347
53055,2013,347
53067,2016,880
54001,2002,2151
54001,2008,595
54005,2002,1190
54009,2002,2186
54009,2003,22694
54009,2006,22934
54009,2013,240
54009,2016,240
54013,2013,1392
54015,2014,1313
54015,2016,504
54019,2002,2510
54021,2002,2304
54021,2004,1293
54021,2005,569
54021,2006,1293
54021,2007,477
54021,2008,477
54021,2010,632
54021,2014,477
54021,2016,79
54025,2001,10050
54027,2008,388
54029,2004,1155
54029,2008,1155
54029,2009,1155
54031,2009,244
54031,2012,150
54033,2002,6732
54033,2010,1650
54033,2013,7680
54033,2015,1772
54033,2016,2703
54035,2002,5078
54035,2009,5483
54037,2002,20610
54037,2014,4000
54039,1999,198521
54039,2014,781
54043,2002,3890
54043,2007,2749
54043,2008,2749
54045,2007,708
54045,2013,1137
54045,2014,370
54049,2008,122
54049,2016,453
54051,2011,184
54047,2002,2076
54047,2004,2907
54047,2005,2907
54047,2006,2907
54047,2009,814
54047,2011,450
54047,2013,233
54047,2014,322
54047,2015,122
54055,2007,200
54055,2010,200
54055,2015,200
54057,2002,5202
54059,2002,4213
54059,2005,672
54059,2008,1424
54059,2012,498
54061,2005,247
54065,2002,522
54067,2002,10469
54067,2005,1118
54067,2007,1118
54067,2013,1118
54069,2003,1990
54069,2004,849
54069,2005,3380
54069,2006,686
54069,2008,33279
54069,2013,10142
54069,2016,686
54071,2002,250
54071,2003,250
54075,2002,115
54075,2005,123
54075,2007,115
54077,2002,3224
54077,2008,1923
54077,2014,213
54077,2015,338
54077,2016,7413
54079,2002,8248
54083,2002,8270
54085,2002,3943
54085,2006,456
54085,2014,1291
54085,2015,3108
54085,2016,3108
54087,2007,1162
54089,2002,1338
54093,2002,3216
54095,2002,1892
54095,2009,1267
54097,2007,2928
54099,2010,7043
54099,2012,7043
54099,2013,1143
54099,2014,2272
54101,2002,4975
54107,2002,8141
54107,2005,8141
54109,2002,3186
54109,2012,3186
55003,2001,9115
55009,2009,650
55015,2006,2499
55015,2007,2499
55015,2008,2499
55015,2009,2499
55015,2010,2499
55051,2014,1515
55051,2015,1515
55051,2016,191
55073,2005,140
55073,2006,140
55073,2007,140
55073,2008,140
55087,2006,44
